12,0,0,0,187,36,15,0,0,0,229,28,10,0,0,0,5,0,0,0,5,7,5,7,4,5,8,0,0,0,0,0,323,611,48,47,27,15,0,0,0,0,0,0,0,0,0,0,0,0,0,0,0,0,0,0,0,0,62,74,162,0,0,0,0,0,0,0,0,0,394,434,561,0,0,487,0,1071,776,499,339,158,0,0,0,0,0,0,11,20,165,88,44,24,0,0,0,0,0,0,19,39,2248,0,0,0,369,27
36,43,56,110,223,35,16,0,0,0,258,32,23,0,0,0,35,7,0,7,14,23,23,21,28,23,26,17,12,12,150,254,489,332,57,56,36,24,13,11,15,7,17,19,8,9,15,7,6,4,5,6,0,9,22,41,66,89,116,83,105,0,0,6,31,81,285,485,623,725,789,445,329,0,0,0,269,213,294,339,337,309,166,54,26,0,0,0,9,26,105,102,92,90,50,33,18,14,10,10,19,46,2326,77,121,212,404,42
433,395,332,286,194,59,26,0,0,0,292,36,18,0,0,0,53,10,3,13,23,36,41,30,38,45,47,43,35,30,337,318,357,223,68,67,43,41,28,30,36,32,44,30,27,29,27,27,29,28,26,18,6,0,0,11,16,16,19,26,44,0,0,3,29,75,360,337,251,171,112,92,106,0,0,0,143,119,179,282,343,269,191,30,9,0,0,0,12,47,128,196,266,337,384,427,458,492,523,571,609,654,0,974,902,828,701,480
17,35,16,21,9,4,0,0,0,0,316,34,18,0,0,0,72,17,2,13,47,83,122,155,204,238,283,318,350,197,1252,795,618,418,290,243,177,136,92,66,75,79,126,165,295,269,242,207,174,128,97,62,40,24,9,0,3,6,17,18,20,0,0,0,34,98,623,315,170,83,52,39,37,0,0,0,60,62,98,194,384,371,356,33,15,0,0,0,0,7,6,14,24,16,12,9,13,19,24,37,21,13,24,20,9,18,20,15
0,11,8,6,0,0,0,0,0,0,362,46,19,3,0,7,111,29,5,0,4,0,0,0,6,0,0,0,182,187,1375,0,0,0,0,9,8,6,2,0,138,210,324,241,153,0,0,0,7,4,7,0,0,0,0,0,0,0,0,0,0,0,0,0,59,144,560,0,0,0,0,0,6,0,0,0,8,7,0,0,167,335,660,33,21,0,0,0,0,0,0,0,3,0,0,0,0,4,7,8,0,0,0,0,0,0,0,0
0,0,0,0,0,0,0,0,0,0,391,37,17,6,0,8,149,25,13,1,0,0,0,0,0,0,0,0,108,148,1457,0,0,0,0,0,0,0,0,0,266,209,162,0,0,0,0,0,0,0,0,0,0,0,0,0,0,0,0,0,0,0,0,0,112,184,476,0,0,0,0,0,0,0,0,0,0,0,0,0,0,0,627,33,16,0,0,0,0,0,0,0,0,0,0,0,0,0,0,0,0,0,0,0,0,0,0,0
0,0,0,0,0,0,0,0,102,201,423,37,24,8,0,0,183,31,13,0,0,0,0,3,6,0,0,0,60,119,1530,0,0,0,0,0,26,47,85,182,350,146,89,0,0,0,4,0,0,0,0,4,0,0,0,0,0,0,0,0,6,0,0,0,222,241,369,0,0,0,0,0,0,0,0,0,0,5,0,0,0,0,594,32,22,5,0,0,0,5,0,0,0,0,0,0,0,0,0,0,0,0,0,0,0,0,0,0
0,0,0,0,9,8,62,109,237,246,256,49,50,44,57,113,214,31,18,0,0,0,6,14,27,0,0,0,34,90,1595,8,15,20,29,42,94,114,156,216,234,115,59,6,10,14,21,7,0,4,10,24,30,18,9,0,0,4,25,67,159,246,328,386,432,247,232,0,0,0,23,19,9,0,0,0,22,59,162,266,340,400,564,28,12,0,0,0,24,26,14,8,11,9,8,11,14,15,11,10,8,6,6,10,10,10,6,2
7,0,0,0,10,20,175,192,263,224,166,81,84,89,99,133,130,30,19,4,0,0,7,19,55,0,0,0,26,75,1675,43,60,69,88,108,154,157,185,209,180,97,54,25,37,34,28,13,3,10,19,32,75,25,9,0,0,2,24,43,130,144,112,84,60,46,89,0,0,0,47,22,8,0,0,0,11,36,180,170,122,93,126,20,9,0,0,4,63,36,26,29,32,28,33,33,28,22,19,25,20,17,24,33,25,21,12,14
16,0,0,0,24,74,0,980,864,693,569,475,411,357,301,248,165,69,33,5,0,0,8,26,90,0,0,0,49,171,0,1088,1040,992,946,895,820,725,632,515,388,276,197,151,129,83,55,21,11,29,53,84,146,21,4,0,0,0,21,34,229,130,75,47,31,34,53,0,0,0,80,28,18,0,0,0,15,39,270,130,64,42,52,9,9,0,0,0,250,351,654,630,598,559,526,496,470,436,412,387,349,328,295,256,220,197,174,57
7,0,0,0,19,35,468,0,10,9,5,0,0,0,0,0,7,6,0,0,0,0,18,22,118,0,0,0,70,129,2057,15,6,0,0,10,10,12,10,5,3,5,0,0,0,0,0,0,0,3,0,46,198,22,9,0,0,0,17,35,199,0,0,0,0,7,6,0,0,3,117,33,15,0,0,5,27,41,238,0,0,0,2,0,0,0,0,0,434,351,340,0,2,0,0,0,0,0,0,0,0,2,0,0,0,0,90,22
2,0,0,0,8,32,437,0,0,0,0,0,0,0,0,0,0,0,0,0,0,0,14,22,143,73,0,0,113,190,1973,0,0,0,0,0,0,0,0,0,0,0,0,0,0,0,0,0,0,0,0,29,267,33,20,0,0,0,24,35,167,0,0,0,0,0,0,0,0,9,172,28,10,0,0,2,22,38,205,0,0,0,0,0,0,0,0,0,590,296,185,0,0,0,0,0,0,0,0,0,0,0,0,0,0,7,66,20
4,0,0,0,9,35,409,0,0,0,0,2,0,0,0,0,4,0,0,0,4,0,13,26,98,148,83,0,237,254,1848,0,0,0,0,0,0,0,0,0,0,0,0,6,9,10,7,0,0,0,0,0,293,27,10,0,0,0,20,30,137,0,0,0,0,1,6,0,0,0,199,24,17,0,0,0,17,33,160,0,0,0,0,0,0,0,0,371,708,201,96,4,0,0,6,5,0,0,4,5,0,0,0,0,0,3,27,20
4,0,0,0,14,34,381,3,0,0,7,16,12,11,11,10,24,18,15,5,19,33,67,107,179,284,402,434,461,259,1705,0,0,0,17,8,9,0,0,0,27,50,0,742,695,659,623,583,544,513,468,429,402,69,27,0,0,6,24,26,108,7,0,0,10,13,50,38,72,109,227,25,11,0,0,0,15,36,129,0,0,0,31,39,87,149,303,619,429,136,62,0,0,0,33,25,17,20,29,21,13,11,18,0,0,0,10,7
8,5,0,0,16,30,342,0,0,0,20,27,31,23,32,28,33,30,57,9,0,9,19,20,32,38,33,32,32,47,1540,0,0,0,36,18,10,0,0,0,6,18,63,31,27,27,35,43,43,53,35,27,26,21,5,0,0,0,9,16,64,0,0,7,26,30,127,92,114,126,144,28,17,0,0,5,22,35,98,0,0,0,126,141,204,288,410,473,250,87,45,0,0,0,65,39,33,34,38,27,25,19,16,0,0,0,18,15
22,8,0,0,7,32,308,0,0,0,15,43,83,125,155,183,218,126,171,23,3,0,3,3,25,16,6,7,18,33,1501,0,0,0,60,29,15,0,0,0,9,12,24,7,6,5,7,11,19,40,28,26,19,16,2,0,0,0,0,5,41,0,0,0,16,40,228,123,167,226,153,62,24,2,0,0,11,21,67,5,0,0,270,249,345,507,667,447,203,83,29,0,0,0,117,81,105,188,160,122,86,49,26,0,0,0,53,31
16,0,0,0,11,34,277,0,0,0,0,0,5,9,0,0,114,123,241,0,0,0,6,0,10,0,0,0,8,30,1465,0,0,0,96,39,25,4,0,0,0,0,0,0,0,0,0,0,0,11,9,8,6,7,0,0,0,0,0,0,25,0,0,0,11,35,581,307,233,122,0,0,0,0,0,0,4,13,33,0,0,4,568,538,775,597,319,0,0,0,0,0,0,0,198,114,111,111,0,2,0,0,0,0,0,0,91,25
14,0,0,0,21,36,239,0,0,0,0,0,0,0,0,0,71,109,309,0,0,0,32,11,9,0,0,0,12,35,1437,0,0,0,138,38,18,0,0,0,0,0,0,0,0,0,0,0,0,0,0,0,0,0,0,0,0,0,12,0,0,0,0,6,24,39,617,0,0,0,0,0,0,0,0,0,0,5,7,0,0,0,826,467,374,0,0,0,0,0,0,0,0,0,267,131,129,67,0,0,0,0,0,0,0,0,117,27
10,0,0,4,25,25,206,0,0,0,0,0,0,8,0,0,42,86,375,0,0,5,61,12,3,0,0,0,12,32,1397,0,0,0,166,36,18,3,0,0,0,0,0,0,0,7,0,0,6,0,0,7,0,0,0,0,15,18,33,11,0,0,0,0,10,33,647,0,0,8,6,6,4,0,0,0,0,5,7,0,0,0,996,331,196,0,0,0,0,0,0,0,0,0,358,123,67,0,0,0,0,6,0,0,0,0,157,31
7,0,0,0,12,23,180,78,53,22,7,0,2,21,14,16,33,68,425,0,0,7,83,19,10,0,0,0,21,41,1369,11,0,0,211,43,25,15,16,12,10,11,11,12,14,23,2,5,21,16,13,29,23,29,39,27,47,32,37,19,13,0,0,0,7,29,690,16,22,32,22,25,20,12,8,4,4,14,29,19,11,10,1136,233,101,0,0,0,18,11,8,9,9,9,427,77,45,11,14,23,19,25,7,0,0,0,180,23
11,0,0,0,4,15,64,28,15,3,0,6,15,32,23,36,45,69,475,0,0,10,131,40,23,6,0,5,27,31,1313,6,0,6,267,39,32,28,35,24,18,29,29,28,21,21,2,11,21,32,28,29,30,38,96,48,53,49,47,27,11,0,0,0,11,24,738,34,37,41,35,33,26,20,18,7,2,15,33,35,31,28,1240,145,56,0,0,0,16,29,26,26,26,34,492,69,53,26,34,43,39,31,20,5,0,0,214,31
16,0,0,0,0,5,24,27,10,2,12,35,59,113,134,164,194,140,570,5,0,5,171,36,13,0,0,0,19,32,1283,6,0,0,309,45,54,56,59,55,71,119,177,149,123,63,20,71,166,557,589,618,649,357,397,209,173,136,93,59,22,0,0,6,22,24,1049,278,245,203,166,126,94,64,39,15,4,16,49,81,113,139,1450,102,39,0,0,0,8,37,64,93,113,149,608,70,61,68,90,56,40,27,13,0,0,4,249,35
10,0,0,0,0,0,0,8,4,0,3,7,9,11,0,0,104,124,661,8,0,4,218,36,10,0,0,0,15,31,1240,4,0,0,387,134,221,347,306,263,220,174,94,0,30,51,29,83,123,351,0,0,330,332,621,122,0,0,0,4,0,0,0,6,35,38,1084,0,0,0,0,0,0,0,0,0,0,0,0,0,0,0,1502,73,25,0,0,0,0,0,0,0,0,82,775,132,146,99,47,0,44,32,10,0,0,7,289,28
15,0,0,0,0,0,0,0,0,0,0,0,0,0,0,0,61,99,717,0,0,0,254,29,16,0,0,0,16,27,1201,0,0,0,502,193,205,169,0,0,0,0,0,0,0,33,81,121,143,284,0,0,177,286,843,68,0,0,0,0,0,0,0,0,24,41,1123,0,0,0,0,0,0,0,0,0,0,0,0,0,0,0,1543,50,19,0,0,0,0,0,0,0,0,0,830,111,71,0,0,0,84,28,6,0,0,7,336,30
9,0,0,0,3,5,0,0,0,0,0,0,2,0,0,6,49,89,773,394,0,138,275,21,16,0,0,0,8,26,1173,0,0,0,603,170,145,90,0,0,0,0,0,0,0,0,170,189,165,196,0,0,89,213,965,0,0,0,0,4,7,5,0,0,20,34,1154,0,0,0,0,0,0,9,2,0,0,0,0,0,0,0,1577,36,17,0,0,0,0,0,0,0,0,0,894,103,43,0,0,0,110,21,7,0,0,0,360,23
26,15,24,17,24,23,13,0,0,0,9,12,22,0,0,5,44,76,428,681,127,239,172,34,24,0,0,0,10,29,1146,1025,987,942,910,277,162,60,0,5,35,67,125,176,230,267,305,169,111,95,0,0,48,130,1045,510,285,152,77,43,35,37,17,10,23,35,1183,0,0,0,13,14,22,31,18,28,37,62,92,196,407,812,1612,32,25,8,7,5,10,19,9,0,0,0,947,84,41,26,34,68,140,30,39,57,105,203,388,37
37,31,33,29,34,26,10,0,0,0,13,22,54,0,0,0,36,98,344,0,388,298,158,54,21,0,0,0,14,25,81,44,41,37,27,25,15,0,0,0,14,32,73,64,56,46,44,40,41,26,0,5,44,92,601,526,403,292,198,121,81,75,61,48,42,50,1222,0,0,0,49,40,48,47,54,81,131,179,277,444,642,806,829,35,36,28,28,25,30,27,8,0,0,7,1008,91,57,53,74,113,126,70,85,118,162,222,227,51
238,207,180,132,90,47,16,0,0,0,19,33,81,0,0,0,9,10,16,33,9,10,7,5,0,0,0,0,0,13,32,34,25,24,17,16,8,0,0,0,13,31,97,51,38,22,23,15,8,0,0,6,44,97,433,716,943,1104,1328,1577,2806,2856,2898,1472,793,439,1448,0,0,0,1275,2433,4893,4857,4823,4765,4703,4614,4514,4364,4122,3793,3391,2936,2889,2851,2819,2792,1416,801,317,0,0,8,1345,622,1117,1082,1045,980,906,832,789,738,647,548,404,274
0,0,9,10,10,6,0,0,0,0,12,34,110,51,0,0,0,0,0,4,0,0,0,0,0,0,0,0,0,0,0,9,5,6,3,1,0,0,0,0,14,23,69,0,0,0,0,0,0,0,0,0,0,0,0,0,0,0,166,314,1167,0,1468,2190,1499,992,1947,0,0,0,2514,2472,2491,0,6,0,0,0,0,0,0,0,0,5,0,0,0,1344,1158,849,560,0,0,0,1643,593,560,0,0,0,0,0,0,0,0,0,0,0
0,0,0,0,12,9,3,0,0,0,11,35,89,113,0,0,0,0,0,0,0,0,0,0,0,0,0,0,0,0,0,0,0,0,0,0,0,0,0,0,6,17,47,0,0,0,0,0,0,0,0,0,0,0,0,0,0,0,302,494,1005,6,0,1092,1288,1153,2532,0,0,0,0,2554,1271,0,0,0,0,0,0,0,0,0,0,0,0,0,0,753,1499,1160,1041,0,0,0,1908,494,300,0,0,0,0,0,0,0,0,0,0,0
0,0,17,21,37,20,9,10,0,4,17,36,69,159,0,0,7,6,0,0,0,0,0,6,0,0,2,0,0,0,0,0,0,0,0,0,0,0,0,0,2,9,16,0,0,0,0,0,0,0,4,0,0,5,5,7,0,0,620,671,718,0,0,560,1224,1192,3176,0,0,0,5262,33,11,0,0,0,0,0,0,8,5,4,0,0,0,0,0,0,910,1290,2136,1824,1166,0,2096,338,142,5,0,0,0,0,0,0,0,0,6,4
23,28,44,36,43,27,17,14,1,10,20,43,69,214,108,71,59,46,39,0,0,0,3,22,17,24,30,15,8,8,18,19,12,11,28,15,18,0,0,0,0,2,5,0,0,5,34,84,253,426,555,664,747,824,932,1029,1106,1159,1207,625,375,0,0,0,639,1262,4622,4795,4946,5042,5234,31,22,3,0,0,18,27,26,31,18,19,10,5,0,0,0,0,263,384,654,1281,2421,2400,2380,258,75,0,0,0,23,19,18,0,0,0,36,24
43,46,52,60,56,37,26,14,3,18,20,40,56,137,119,100,91,83,97,0,0,0,9,24,22,30,46,43,32,29,28,35,28,28,74,25,12,0,0,0,5,11,27,0,0,0,36,72,302,305,239,193,134,104,180,143,120,83,67,54,76,4,0,0,31,93,322,319,251,153,156,14,7,0,0,0,61,44,42,36,33,28,17,15,4,0,0,0,47,35,29,22,17,15,6,3,0,0,0,0,50,23,8,0,0,0,67,39
170,268,232,189,129,88,60,21,2,26,48,82,134,147,147,147,108,100,153,0,0,10,152,404,1210,1236,1273,1320,1349,1376,1403,1441,1485,1514,1622,24,15,0,0,0,14,20,53,2,0,0,40,79,549,296,154,89,57,56,213,96,59,28,19,23,20,0,0,0,56,109,541,282,146,68,60,8,0,0,0,0,183,222,388,354,325,296,270,65,27,0,0,0,18,10,16,6,1,0,12,11,9,0,0,0,83,24,8,0,0,0,145,122
224,132,0,0,0,0,5,0,0,0,0,0,71,148,221,320,218,176,249,0,0,0,255,403,773,0,0,0,0,0,0,0,6,0,1656,31,27,4,0,0,12,35,83,0,0,5,73,138,499,0,0,6,12,30,170,0,0,0,0,5,0,0,0,0,97,141,479,0,0,0,0,0,0,0,0,0,304,208,203,0,0,0,173,30,10,0,0,0,0,0,0,0,0,0,48,16,7,0,0,0,110,30,13,0,0,119,232,189
106,0,0,0,0,0,0,0,0,0,0,0,0,0,0,171,203,206,356,195,0,0,474,481,575,0,0,0,0,0,0,0,0,0,1693,29,22,0,0,0,10,32,109,0,0,0,112,184,405,0,0,0,10,29,144,0,0,0,0,0,0,0,0,0,136,163,395,0,0,0,0,0,0,0,0,0,408,174,131,0,0,0,139,34,13,0,0,0,0,0,0,0,0,0,68,16,12,0,0,0,138,31,16,3,0,251,224,186
49,0,0,0,0,6,0,0,0,13,7,0,0,0,0,98,222,362,572,815,852,883,917,478,331,0,0,0,0,0,6,0,0,3,1729,35,23,0,0,8,18,39,143,0,0,0,193,217,299,0,0,0,18,30,117,0,0,0,0,0,0,0,0,158,276,224,305,0,0,0,0,4,8,8,9,0,477,131,71,0,0,0,109,27,14,0,0,0,0,0,0,0,0,0,96,29,18,8,0,0,168,38,24,6,0,353,163,128
25,0,0,0,3,22,12,10,13,50,19,8,0,0,0,4,18,32,49,47,46,37,45,46,84,0,0,0,0,7,31,0,0,7,1774,37,17,3,0,9,38,84,254,284,315,342,374,212,177,0,0,0,9,21,77,0,0,0,9,44,95,171,231,305,200,145,169,0,0,0,14,17,23,25,36,21,555,102,46,0,0,0,86,27,18,0,0,0,13,11,16,24,34,67,136,41,36,43,66,119,217,59,65,95,211,434,144,102
32,7,0,0,5,27,30,31,33,91,21,12,3,0,0,5,16,22,23,26,24,24,32,23,46,0,0,0,5,15,58,3,0,0,1801,41,28,8,0,0,5,18,18,31,29,27,40,41,70,0,0,0,8,23,51,0,0,0,9,38,75,100,116,112,79,62,81,0,0,0,11,24,28,35,45,42,632,78,33,0,0,0,58,27,24,3,0,7,66,46,55,59,81,107,110,55,76,98,130,157,168,116,142,200,290,297,119,67
20,0,0,0,6,32,59,84,114,240,32,21,10,0,0,0,4,7,6,16,9,9,7,7,22,0,0,0,5,18,84,6,0,0,1844,46,22,0,0,0,0,13,10,16,21,36,34,21,33,0,0,0,4,19,13,0,0,0,16,42,104,116,118,62,38,28,37,0,0,0,26,55,87,132,170,204,799,56,19,0,0,0,27,16,13,0,0,0,442,761,1481,1445,1409,1343,1280,1208,1167,1100,1037,959,855,756,683,611,476,308,145,67
0,0,0,0,0,0,0,0,0,279,49,29,25,5,0,0,0,0,0,0,0,0,0,0,0,0,0,0,8,24,117,10,0,3,1883,39,17,0,0,0,0,0,0,0,7,7,0,0,0,0,0,0,0,5,0,0,0,0,21,42,163,90,42,0,0,4,9,0,0,0,0,0,0,4,0,96,884,32,17,0,0,0,5,2,0,0,0,0,854,803,756,0,0,0,0,0,0,0,0,7,0,0,0,9,5,3,0,0
0,0,0,0,0,0,0,0,0,311,46,33,22,0,0,0,0,0,0,0,0,0,0,0,0,0,0,0,12,29,165,11,0,6,1933,41,23,0,0,0,0,0,0,0,0,0,0,0,0,0,0,0,0,0,0,0,0,0,35,53,129,0,0,0,0,0,0,0,0,0,0,0,0,0,0,51,979,33,21,0,0,0,0,0,0,0,0,0,1201,604,370,0,0,0,0,0,0,0,0,0,0,0,0,0,0,0,0,0
0,0,7,0,0,0,0,0,0,348,48,35,11,0,0,0,4,4,0,0,0,0,4,0,0,0,0,5,16,28,194,0,0,0,1965,37,15,0,0,0,0,0,0,0,0,0,0,0,0,0,0,0,0,0,0,0,0,0,52,58,86,0,0,6,6,0,0,0,4,9,0,4,0,0,0,0,1016,34,24,6,0,0,0,5,7,4,0,0,1404,374,188,4,0,0,0,5,9,0,0,0,0,0,0,0,0,0,3,6
18,15,24,19,49,48,65,110,196,385,56,48,24,20,23,20,27,22,13,10,18,10,21,12,0,0,0,7,19,29,341,260,523,998,1996,33,11,0,0,0,4,11,11,9,9,11,31,9,9,0,0,0,1,16,28,51,64,78,93,54,40,0,6,15,25,17,15,20,20,41,12,20,5,0,0,532,1050,30,27,19,20,37,41,70,103,195,397,765,1528,247,117,9,0,0,4,11,30,26,29,19,13,17,16,17,13,16,22,28
39,46,45,41,129,86,129,156,201,239,68,55,41,34,40,41,40,41,35,39,32,28,32,20,11,0,0,13,38,42,638,514,725,991,1026,29,10,0,0,0,35,27,15,7,7,16,69,17,13,0,0,0,0,6,3,6,4,5,7,7,8,9,19,29,35,32,30,32,32,91,27,22,7,0,0,838,558,44,49,51,66,82,118,190,296,431,636,839,871,182,74,8,0,0,7,16,25,34,44,40,35,28,25,29,33,33,35,42
225,143,109,85,422,462,851,770,690,573,413,368,326,292,252,206,167,126,193,164,133,111,80,48,13,0,0,0,26,47,2169,1490,1223,837,542,27,10,0,0,5,74,37,21,10,11,30,139,33,24,5,0,0,11,26,38,53,66,77,95,120,134,151,173,211,243,281,310,342,371,313,34,29,15,0,0,0,2491,2196,2163,2126,2085,2036,1985,1896,1784,1604,1390,1051,613,172,71,11,0,0,31,75,183,405,442,484,532,561,597,623,659,693,723,397
1728,1809,1878,1935,1618,440,445,0,0,0,0,0,0,7,6,5,5,0,105,0,0,0,0,0,0,0,0,0,21,49,2204,0,0,0,281,33,11,0,0,7,128,46,31,11,0,0,170,31,12,0,0,0,0,0,0,0,0,0,0,3,0,0,0,0,0,0,0,0,186,533,42,30,21,5,0,0,7,0,0,0,0,0,0,0,9,5,0,0,0,0,0,0,0,0,19,51,152,186,0,0,4,0,0,0,0,0,482,855
740,0,0,997,2305,334,247,0,0,0,0,0,0,0,0,0,0,6,122,0,0,0,0,0,0,0,0,4,27,53,2240,0,0,0,312,33,9,0,0,0,166,39,17,0,0,0,202,27,10,0,0,0,0,0,0,0,0,0,0,0,0,0,0,0,0,0,0,0,0,579,57,44,24,5,0,0,0,0,0,0,0,0,0,0,0,0,0,0,0,0,0,0,0,0,32,62,205,100,0,0,0,0,0,0,0,0,221,331
556,0,0,500,0,1091,808,524,333,152,0,0,0,0,0,0,13,18,146,77,49,32,0,0,0,0,0,0,15,50,2291,0,0,0,341,34,14,0,0,0,198,28,13,0,0,0,231,29,10,0,0,0,4,0,0,0,3,6,6,9,7,11,16,0,0,0,0,0,308,622,62,52,27,16,0,0,0,0,0,0,0,0,0,0,0,0,0,0,0,0,0,0,0,0,65,81,162,0,0,0,0,0,0,0,0,0,396,442
318,0,0,0,255,192,268,342,358,323,192,56,25,0,0,0,11,24,95,91,87,90,49,30,19,19,12,11,16,34,2345,44,89,176,372,40,33,42,64,116,222,26,13,0,0,0,260,33,21,0,0,0,28,8,0,8,15,24,24,31,18,17,41,28,19,17,133,238,506,362,65,46,31,21,19,15,18,14,14,18,12,13,16,6,9,7,8,5,0,9,20,42,60,86,112,69,103,0,0,9,39,87,293,484,625,723,811,467
82,0,0,0,148,125,179,270,338,272,210,37,10,0,0,0,11,42,106,165,244,314,362,399,430,468,502,553,587,631,0,959,908,830,716,483,437,387,334,277,195,59,22,0,0,0,290,33,15,0,0,0,50,15,4,13,23,30,30,42,38,29,40,43,41,44,335,335,382,210,68,54,45,34,36,26,34,40,25,33,27,26,25,27,27,21,17,18,8,0,0,12,14,24,25,26,55,0,0,3,37,85,369,338,260,173,125,74
33,0,0,0,55,64,96,185,355,344,357,40,19,0,0,0,0,6,9,17,29,15,13,11,16,19,22,34,14,12,24,20,14,14,24,16,23,31,21,16,11,6,0,0,0,0,319,35,18,0,0,0,78,15,4,15,53,84,117,155,208,237,279,310,341,198,1264,808,617,410,287,229,172,124,88,51,65,83,93,184,295,270,241,205,173,131,99,72,37,23,9,0,4,7,15,15,24,0,0,0,56,104,605,300,161,75,48,29
5,0,0,0,9,6,0,0,173,328,652,39,29,0,0,0,0,0,0,0,5,0,0,0,0,5,7,9,0,0,0,0,0,0,0,0,0,7,6,5,0,0,0,0,0,0,360,39,18,4,0,3,108,20,6,0,3,0,0,0,7,0,0,0,174,195,1393,0,0,0,0,9,12,10,4,0,153,215,318,263,146,0,0,0,7,6,3,0,0,0,0,0,0,0,0,0,0,0,0,0,73,131,543,0,0,0,0,0
0,0,0,0,0,0,0,0,0,0,617,34,23,0,0,0,0,0,0,0,0,0,0,0,0,0,0,0,0,0,0,0,0,0,0,0,0,0,0,0,0,0,0,0,0,0,390,39,21,8,0,4,157,32,17,2,0,0,0,0,0,0,0,0,92,134,1471,0,0,0,0,0,0,0,0,0,275,211,164,0,0,0,0,0,0,0,0,0,0,0,0,0,0,0,0,0,0,0,0,0,129,193,467,0,0,0,0,0
0,0,0,0,0,6,0,0,0,0,585,27,29,4,0,0,0,4,0,0,0,0,0,0,0,0,0,0,0,0,0,0,0,0,0,0,0,0,0,0,0,0,0,0,109,222,428,48,25,8,0,0,181,22,10,0,0,0,0,5,7,0,0,0,60,116,1544,0,0,0,0,0,32,48,94,191,363,147,75,0,0,0,2,0,0,0,0,6,0,0,0,0,0,0,0,0,2,0,0,0,228,235,346,0,0,0,0,0
9,0,0,0,23,69,172,259,340,394,562,19,16,0,0,0,22,23,15,13,14,10,6,10,8,8,12,10,11,12,10,6,7,6,7,6,0,0,0,0,9,8,85,145,254,253,248,52,44,52,65,102,204,26,15,0,0,0,4,16,32,0,0,0,27,77,1609,11,12,17,32,57,107,119,170,223,240,115,61,12,10,15,20,10,0,2,7,21,25,19,9,0,0,5,28,69,165,244,330,382,439,250,221,0,0,0,21,19
8,0,0,0,12,36,164,141,119,94,134,17,10,0,0,4,77,44,37,34,25,22,27,30,24,26,25,22,33,33,26,24,26,25,24,13,3,0,0,0,10,19,214,203,218,206,160,69,71,80,94,117,132,32,19,5,0,0,4,17,66,0,0,0,29,61,1669,34,38,57,87,111,146,173,208,216,185,93,48,21,22,33,27,12,4,10,18,29,66,26,8,0,0,5,21,33,142,138,116,88,76,53,80,0,0,0,47,24
18,0,0,0,15,34,268,136,83,51,51,8,9,0,0,0,263,325,650,624,595,559,531,503,477,443,416,390,353,317,276,250,227,202,175,49,15,0,0,0,26,66,0,943,831,702,567,464,407,359,303,241,170,75,41,9,0,0,5,20,90,0,0,0,70,190,0,1100,1055,1017,966,904,817,721,610,490,365,256,191,149,126,94,58,23,14,31,56,88,132,23,6,0,0,0,17,31,236,120,75,45,29,23,39,0,0,0,81,30
13,0,0,8,29,40,242,0,0,0,3,0,0,0,0,0,433,334,354,0,6,0,0,0,0,0,0,0,0,4,0,0,0,0,92,27,10,0,0,0,18,26,468,0,7,9,5,0,0,0,0,0,7,3,0,0,0,0,13,21,112,0,0,0,76,141,2029,12,5,0,0,12,12,10,6,11,7,5,0,0,0,0,0,0,0,3,0,58,190,22,10,0,0,0,14,29,204,0,0,0,0,3,5,0,0,6,111,28
11,0,0,6,19,37,206,0,0,0,0,0,0,0,0,0,584,285,189,0,0,0,0,0,0,0,0,0,0,0,0,0,0,8,64,20,9,0,0,0,12,35,438,0,0,0,0,0,0,0,0,0,0,0,0,0,0,0,15,28,137,65,0,0,134,205,1934,0,0,0,0,0,0,0,0,0,0,0,0,0,0,0,0,0,0,0,0,29,256,36,20,0,0,0,21,33,174,0,0,0,0,0,0,0,0,9,158,33
18,0,0,0,14,32,159,0,0,0,0,0,0,0,0,348,701,217,110,6,0,0,7,4,0,0,4,2,0,0,0,0,0,4,25,15,8,0,0,0,12,32,404,0,0,0,0,4,0,0,0,0,4,0,0,0,5,0,13,31,99,126,65,0,241,227,1815,0,0,0,0,0,0,0,0,0,0,0,0,7,4,5,4,0,0,0,0,0,292,41,13,0,0,0,12,25,142,0,0,0,0,3,5,0,0,0,189,36
13,0,0,0,15,33,130,0,0,0,35,46,85,143,281,570,438,147,54,0,0,0,30,22,21,21,29,22,17,14,18,0,0,0,7,4,5,0,0,0,12,35,377,2,0,0,5,20,13,12,13,16,26,19,17,4,19,34,67,116,196,295,395,427,453,242,1699,0,0,0,18,8,9,0,0,0,27,50,0,740,699,663,622,582,543,511,472,427,397,74,24,0,0,4,22,29,116,5,0,0,11,20,57,38,57,105,219,33
16,0,0,4,26,35,100,0,0,0,127,144,204,272,385,454,301,106,43,0,0,0,65,44,46,43,43,34,29,28,13,0,0,0,19,11,3,4,0,0,19,38,336,0,0,0,16,29,31,28,26,31,32,34,54,4,0,6,15,17,28,33,29,32,33,39,1541,0,0,0,44,22,10,0,0,0,8,19,63,21,25,31,34,39,39,45,37,32,22,19,8,0,0,0,11,18,71,0,0,4,20,26,119,79,111,138,140,38
22,5,0,0,11,21,67,2,0,0,257,222,356,489,687,480,246,83,26,0,0,0,129,98,126,177,148,116,77,44,16,0,0,0,38,22,26,12,0,0,9,36,299,0,0,0,12,44,79,125,150,183,217,136,166,21,6,0,3,7,24,13,11,13,15,25,1505,0,0,0,65,21,10,0,0,0,9,10,26,8,6,8,10,15,21,38,31,23,19,12,4,0,0,0,0,7,41,0,0,0,15,27,227,138,182,229,156,70
0,0,0,0,5,17,32,0,0,4,524,492,803,581,332,0,0,0,0,0,0,0,198,99,99,88,0,4,0,0,0,0,0,0,83,36,22,0,0,0,14,38,267,0,0,0,0,0,3,6,0,0,112,130,244,0,0,0,4,0,4,0,0,0,7,33,1467,0,0,0,98,36,25,4,0,0,0,0,0,0,0,0,0,0,0,6,10,8,7,5,0,0,0,0,0,0,23,0,0,0,19,34,577,306,231,118,0,0
0,0,0,0,0,4,4,0,0,0,770,476,435,0,0,0,0,0,0,0,0,0,277,132,132,62,0,0,0,0,0,0,0,0,112,31,16,0,0,0,17,31,230,0,0,0,0,0,0,0,0,0,72,110,312,0,0,0,27,12,9,0,0,0,10,30,1432,0,0,0,142,36,16,0,0,0,0,0,0,0,0,0,0,0,0,0,0,0,0,0,0,0,0,0,15,0,0,0,0,6,27,36,603,0,0,0,0,0
5,0,0,0,0,4,7,0,0,0,970,359,233,0,0,0,0,0,0,0,0,0,353,110,66,0,0,0,0,5,0,0,0,0,148,29,12,0,0,3,24,31,205,0,0,0,0,0,0,2,0,0,41,80,373,0,0,6,59,19,6,0,0,0,13,33,1396,0,0,0,169,35,20,8,0,0,0,0,0,0,0,3,0,4,6,0,0,4,0,0,0,0,14,18,36,7,0,0,0,0,17,42,637,0,0,10,10,11
15,10,6,3,5,14,28,16,12,10,1108,250,131,0,0,0,18,11,8,10,13,15,418,80,41,15,21,30,22,23,8,0,0,0,175,30,12,0,0,0,11,20,175,81,48,22,5,0,13,24,16,12,42,79,431,0,0,7,95,18,8,0,0,0,14,34,1363,10,0,0,205,43,25,15,8,10,9,9,7,5,7,12,2,13,25,16,22,29,24,26,40,29,47,40,40,14,14,0,0,0,12,38,681,19,27,42,28,25
23,22,14,10,3,15,30,32,30,26,1218,172,67,0,0,0,16,19,20,22,25,26,496,82,58,43,32,28,26,22,22,5,0,0,207,30,11,0,0,0,3,15,62,35,18,4,0,4,14,28,33,24,33,58,479,0,0,8,133,28,28,7,0,6,26,38,1313,5,0,6,262,53,38,31,24,27,22,26,28,27,29,19,5,17,34,33,33,30,39,35,96,45,61,47,34,22,13,0,0,0,14,39,737,42,48,49,35,35
85,64,38,21,4,21,50,81,113,135,1443,131,43,0,0,0,18,42,64,88,116,142,617,86,69,61,72,46,52,30,19,0,0,5,252,39,20,0,0,0,0,6,21,21,12,5,13,39,66,110,146,173,205,149,578,5,0,7,168,30,17,0,0,0,15,28,1277,4,0,0,316,61,54,47,47,66,73,108,174,145,121,54,9,60,149,562,597,622,657,364,409,215,180,126,95,65,23,0,0,4,21,40,1056,270,236,190,154,117
0,0,0,0,0,0,0,0,0,0,1489,82,23,0,0,0,0,0,0,0,0,80,788,128,125,84,43,0,53,24,13,0,0,5,285,27,10,0,0,0,0,0,0,4,3,0,1,6,6,9,0,0,97,127,675,7,0,11,217,29,14,0,0,0,17,29,1240,3,0,0,415,143,205,332,299,262,211,165,96,0,31,57,27,83,124,371,0,0,327,323,646,116,0,0,0,5,0,0,0,3,29,42,1088,0,0,0,0,0
0,0,0,0,0,0,0,0,0,0,1534,65,18,0,0,0,0,0,0,0,0,0,844,97,60,0,0,0,91,24,10,0,0,7,331,31,13,0,0,0,0,0,0,0,0,0,0,0,0,0,0,0,59,98,747,0,0,0,243,31,21,0,0,0,21,29,1200,0,0,0,525,183,184,167,0,0,0,0,0,0,0,32,76,115,142,291,0,0,190,271,850,59,0,0,0,0,0,0,0,0,14,37,1121,0,0,0,0,0
0,10,6,0,0,0,0,0,0,0,1574,49,16,0,0,0,0,0,0,0,0,0,894,79,36,0,0,0,116,23,10,0,0,0,359,28,10,0,0,0,10,7,0,0,0,0,0,0,3,0,0,4,40,65,793,386,0,141,269,35,17,0,0,0,15,28,1162,0,0,0,632,163,127,88,0,0,0,0,0,0,0,0,154,179,184,204,0,0,98,204,966,0,0,0,0,0,8,6,0,0,21,32,1153,0,0,0,0,0
22,30,14,28,36,66,105,207,410,801,1600,38,20,10,13,15,14,16,9,0,0,0,942,76,40,21,47,81,144,39,39,46,98,204,385,30,20,14,14,11,30,16,11,0,0,0,9,15,25,0,0,7,44,68,449,704,111,244,168,46,23,0,0,0,14,23,1132,1012,973,937,907,241,138,56,0,5,29,54,119,175,225,267,300,185,134,88,0,0,61,137,1045,543,269,118,78,43,38,34,18,19,33,40,1186,0,0,0,16,17
45,56,70,104,117,187,296,459,666,827,844,51,38,30,24,24,23,21,11,0,0,4,1003,85,60,71,99,110,112,71,91,122,194,224,216,47,40,38,40,41,44,21,10,0,0,0,9,21,55,0,0,0,30,90,318,0,391,315,158,57,16,0,0,0,15,25,86,54,38,31,25,21,13,0,0,0,15,33,82,81,60,53,44,45,44,21,0,4,49,107,573,574,467,305,202,156,101,83,50,46,50,51,1217,0,0,0,47,38
4891,4856,4813,4748,4682,4623,4506,4340,4093,3757,3366,2931,2885,2845,2817,2792,1415,808,313,0,0,9,1341,605,1129,1085,1036,966,902,839,790,723,640,525,407,282,243,210,177,125,91,46,17,0,0,0,17,28,83,0,0,0,9,10,18,41,10,7,7,6,0,0,0,0,0,12,25,35,27,20,19,11,4,0,0,0,14,27,105,58,30,22,24,18,11,0,0,3,39,102,411,696,943,1109,1277,1540,2804,2865,2902,1522,824,461,1464,0,0,0,1283,2536
2389,0,7,0,0,0,0,0,0,0,0,4,0,0,0,1338,1180,895,579,0,0,0,1656,594,579,0,0,0,0,0,0,0,0,0,0,0,0,0,10,7,7,4,0,0,0,0,16,31,112,70,0,0,0,0,0,3,0,0,0,0,0,0,0,0,0,0,0,9,11,9,7,5,0,0,0,0,19,25,75,0,0,0,0,0,0,0,0,0,0,0,0,0,0,0,149,325,1194,0,1414,2163,1465,972,1964,0,0,0,2552,2503
1235,0,0,0,0,0,0,0,0,0,0,0,0,0,0,719,1457,1191,1134,0,0,0,1893,440,299,0,0,0,0,0,0,0,0,0,0,0,0,0,0,0,1,2,2,0,0,0,12,25,68,114,0,0,0,0,0,0,0,0,0,0,0,0,0,0,0,0,0,0,0,0,0,0,0,0,0,0,9,14,47,0,0,0,0,0,0,0,0,0,0,0,0,0,0,0,297,483,1013,5,0,1117,1305,1140,2559,0,0,0,0,2520
17,0,0,0,0,0,0,8,6,4,0,0,0,0,0,0,858,1240,2175,1854,1232,0,2085,316,181,7,0,0,0,0,0,0,0,0,8,2,0,0,16,17,21,18,14,9,0,2,20,31,60,155,0,0,5,9,0,0,0,0,0,4,0,0,5,0,0,0,0,0,0,0,0,0,0,0,0,0,4,8,17,0,0,0,0,0,0,0,5,0,0,7,9,11,0,0,593,639,744,0,0,555,1228,1188,3171,0,0,0,5257,28
23,5,0,0,18,18,19,34,18,15,11,3,0,0,0,0,218,341,627,1215,2420,2398,2376,263,106,0,0,0,18,12,18,0,0,0,27,19,29,31,44,29,32,36,29,17,5,13,25,43,61,198,114,68,49,44,39,0,0,0,5,20,11,14,27,18,12,12,20,11,8,5,25,16,18,0,0,0,0,1,4,0,0,5,39,82,265,433,578,664,744,815,914,1028,1098,1157,1201,656,409,0,0,0,625,1272,4627,4801,4923,5027,5235,30
7,0,0,0,61,41,47,42,27,29,25,16,6,0,0,0,49,28,24,21,18,12,10,7,0,0,0,0,51,24,15,0,0,0,69,55,51,47,48,43,49,44,32,14,4,16,25,51,72,131,137,121,88,69,85,0,0,0,10,24,24,26,34,31,34,30,38,37,42,40,70,21,11,0,0,0,4,7,21,0,0,0,30,58,316,283,218,153,127,105,164,156,110,87,59,52,69,2,0,0,28,72,317,305,228,171,166,15
0,0,0,0,181,225,391,358,326,299,269,68,27,0,0,0,20,13,16,5,6,0,11,11,9,0,0,0,89,24,12,0,0,0,136,123,156,263,227,190,146,103,68,22,7,29,49,82,134,125,129,155,127,110,151,0,0,11,165,392,1217,1245,1281,1314,1346,1374,1405,1436,1478,1509,1617,31,19,0,0,0,17,19,55,2,0,0,31,90,555,281,162,98,70,61,210,114,57,36,21,30,27,0,0,0,52,105,553,282,155,85,63,6
0,0,0,0,301,214,200,0,0,0,165,30,11,0,0,0,0,0,0,0,0,0,44,16,7,0,0,0,111,21,8,0,0,134,253,185,221,139,0,0,0,0,5,0,0,0,0,0,80,152,218,315,232,186,263,0,0,0,233,365,790,0,0,0,0,0,0,0,3,0,1651,38,29,2,0,0,16,26,82,0,0,3,68,138,491,0,0,5,16,35,169,0,0,0,0,4,0,0,0,0,96,139,478,0,0,0,0,0
0,0,0,0,420,178,127,0,0,0,137,29,11,0,0,0,0,0,0,0,0,0,67,21,14,0,0,0,144,30,18,7,0,249,202,149,119,0,0,0,0,0,0,0,0,0,0,0,0,0,0,159,200,191,370,198,0,0,463,506,606,0,0,0,0,0,0,0,0,0,1687,40,20,0,0,0,14,26,107,0,0,0,114,191,411,0,0,0,13,29,140,0,0,0,0,0,0,0,0,0,152,170,393,0,0,0,0,0
9,14,11,0,509,125,70,0,0,0,113,30,13,0,0,0,0,0,0,0,0,0,94,29,19,9,0,0,172,31,25,7,0,340,177,131,65,0,0,0,0,8,0,0,0,9,5,0,0,0,0,94,230,364,576,816,847,882,918,489,328,0,0,0,0,0,5,0,0,5,1728,41,15,0,0,8,25,40,144,0,0,0,191,212,294,0,0,0,16,29,114,0,0,0,0,0,0,0,0,150,271,194,291,0,0,0,0,6
15,27,41,30,590,81,40,0,0,0,85,28,13,0,0,0,23,24,25,22,40,76,131,40,38,50,70,119,219,66,83,125,225,426,147,83,31,0,0,0,1,23,14,13,16,42,15,8,0,0,0,6,19,32,32,32,34,41,48,47,84,0,0,0,0,10,28,0,0,5,1771,36,13,5,0,6,34,79,255,287,324,352,384,229,179,0,0,0,6,29,75,0,0,0,7,41,101,176,245,304,203,132,175,0,0,0,12,15
32,38,44,41,670,62,22,0,0,0,58,28,19,3,0,4,69,38,40,46,70,99,102,74,83,101,117,148,177,121,152,207,252,270,118,72,39,5,0,0,4,23,24,30,32,86,24,18,5,0,0,4,17,21,17,25,29,34,33,27,44,0,0,0,3,16,60,5,0,0,1805,38,32,10,0,0,7,24,27,36,35,32,41,37,52,0,0,0,4,24,45,0,0,0,12,41,87,105,108,93,75,63,91,0,0,0,12,30
77,124,160,187,806,40,11,0,0,0,31,19,9,0,0,0,472,771,1482,1447,1413,1356,1282,1207,1153,1096,1033,963,860,747,676,590,454,314,155,76,25,0,0,0,8,35,58,87,117,242,35,22,13,0,0,0,5,4,5,15,11,12,8,7,16,0,0,0,5,19,95,7,0,0,1845,39,28,0,0,0,0,11,6,11,13,24,17,7,24,0,0,0,3,23,15,0,0,0,18,45,110,99,99,57,39,27,33,0,0,0,22,47
0,6,0,98,888,29,12,0,0,0,7,6,0,0,0,0,861,746,743,0,0,0,0,0,0,0,0,5,0,0,0,7,6,6,0,0,0,0,0,0,0,0,0,0,0,273,39,31,27,3,0,0,0,0,0,0,0,0,0,0,0,0,0,0,4,18,128,6,0,4,1882,40,20,0,0,0,0,0,0,0,4,6,0,0,0,0,0,0,0,6,0,0,0,0,27,51,149,75,42,0,0,0,7,0,0,0,0,0
0,0,0,56,981,28,17,0,0,0,0,0,0,0,0,0,1172,575,395,0,0,0,0,0,0,0,0,0,0,0,0,0,0,0,0,0,0,0,0,0,0,0,0,0,0,309,46,38,19,0,0,0,0,0,0,0,0,0,0,0,0,0,0,0,13,21,161,5,0,9,1935,42,20,0,0,0,0,0,0,0,0,0,0,0,0,0,0,0,0,0,0,0,0,0,35,51,110,0,0,0,0,0,0,0,0,0,0,0
0,0,0,0,1012,30,21,4,0,0,0,6,8,5,0,0,1384,396,211,6,0,0,0,5,8,0,0,0,0,0,0,0,0,0,5,4,0,0,5,0,0,0,0,0,0,346,50,38,14,0,0,0,5,4,0,0,0,0,7,0,0,0,0,3,25,38,193,0,0,0,1962,34,12,0,0,0,0,0,0,0,0,0,0,0,0,0,0,0,0,0,0,0,0,0,54,50,74,0,0,7,7,0,0,0,5,8,0,5
4,0,0,508,1047,38,30,18,21,33,48,78,104,195,396,780,1530,270,127,8,0,0,4,14,31,19,23,14,12,20,13,8,8,11,27,34,17,20,33,16,38,58,65,109,202,384,58,43,23,16,25,20,29,21,17,14,17,16,25,6,0,0,0,1,22,38,363,272,521,1032,1988,33,12,0,0,0,7,9,6,9,9,10,29,10,9,0,0,0,2,14,31,53,66,77,92,49,40,0,5,18,32,12,10,15,16,38,18,20
7,0,0,802,576,51,55,54,68,85,131,176,285,434,639,842,862,182,71,5,0,0,5,15,33,33,43,37,36,43,38,26,25,18,33,48,41,37,50,46,126,97,107,158,222,231,71,50,45,44,48,43,40,38,33,30,35,40,34,20,14,0,0,4,30,51,653,517,776,1005,993,37,13,0,0,0,34,22,18,12,8,20,65,19,14,0,0,0,0,4,8,7,7,6,6,3,2,10,15,23,46,42,39,40,39,97,36,21
14,0,0,0,2527,2203,2159,2116,2081,2034,1981,1887,1791,1612,1385,1047,610,166,69,11,0,0,33,94,194,411,446,479,520,557,605,634,671,689,718,390,214,137,101,84,426,494,855,789,695,560,422,373,338,300,253,209,167,134,194,166,138,104,69,40,9,0,0,0,18,43,2170,1474,1188,765,532,29,10,0,0,5,68,37,30,9,7,30,139,33,24,3,0,0,12,23,34,48,63,79,100,129,141,159,180,213,246,284,315,349,381,310,39,22
16,1,0,0,6,0,0,0,0,0,0,0,4,5,0,0,0,0,0,0,0,0,27,61,125,182,0,0,5,0,0,0,0,0,481,861,1732,1815,1881,1936,1645,469,421,0,0,0,0,0,0,7,6,8,4,0,102,0,0,0,0,0,0,0,0,0,17,41,2202,0,0,0,287,31,8,0,0,9,121,46,32,4,0,0,168,29,16,0,0,0,0,0,0,0,0,0,0,3,0,0,0,0,0,0,0,0,209,563,43,26
14,5,0,0,0,0,0,0,0,0,0,0,0,0,0,0,0,0,0,0,0,0,45,63,193,107,0,0,0,0,0,0,0,0,223,318,745,0,0,958,2339,377,220,0,0,0,0,0,0,0,0,0,0,3,121,0,0,0,0,0,0,0,0,4,25,51,2238,0,0,0,314,34,9,0,0,0,159,43,21,0,0,0,203,30,12,0,0,0,0,0,0,0,0,0,0,0,0,0,0,0,0,0,0,0,0,601,43,29
18,15,0,0,0,0,0,0,0,0,0,0,0,0,0,0,0,0,0,0,0,0,72,66,153,0,0,0,0,0,0,0,0,0,402,394,572,0,0,471,0,1085,765,511,345,167,0,0,0,0,0,0,12,11,139,67,35,21,0,0,0,0,0,0,10,43,2279,0,0,0,345,40,15,0,0,0,193,40,16,0,0,0,232,32,9,0,0,0,3,0,0,0,5,7,9,8,9,10,11,0,0,0,0,0,296,632,41,31
33,33,18,15,16,12,14,16,8,15,19,8,6,7,7,6,0,9,23,44,67,88,118,67,105,0,0,6,29,87,291,478,615,708,791,445,364,0,0,0,263,206,272,308,319,320,156,54,26,0,0,0,12,18,94,98,73,78,48,28,21,12,9,9,21,37,2353,49,99,212,385,46,35,43,66,118,220,33,8,0,0,0,265,39,17,0,0,0,28,9,0,7,17,19,26,24,25,25,34,21,17,18,159,272,505,366,49,43
47,46,26,31,34,31,29,25,32,35,32,27,26,27,20,18,8,0,0,9,13,15,28,26,50,0,0,4,30,78,350,334,250,179,132,88,98,0,0,0,153,140,193,279,326,280,192,36,8,0,0,0,17,50,111,185,247,309,354,389,431,467,502,538,578,614,0,967,916,833,692,481,437,386,335,271,187,59,21,0,0,0,291,33,8,0,0,0,52,14,3,11,21,21,32,32,35,41,45,41,34,34,382,341,355,221,70,55
185,133,90,61,67,80,112,171,303,267,236,196,170,126,92,68,38,22,9,0,4,6,17,10,18,0,0,0,36,107,622,319,167,91,52,37,39,0,0,0,49,76,112,200,383,365,343,39,12,0,0,0,0,6,5,11,27,17,12,14,16,16,18,29,17,12,18,18,10,11,22,15,23,30,27,21,12,5,0,0,0,0,319,38,11,0,0,0,76,14,4,20,61,87,121,158,203,239,283,316,348,191,1257,761,596,411,285,243
11,7,3,0,153,205,321,255,157,0,0,0,11,10,4,0,0,0,0,0,0,0,0,0,0,0,0,0,60,134,550,0,0,0,0,0,5,0,0,0,5,5,0,0,172,342,655,43,19,0,0,0,0,0,0,0,6,0,0,0,0,6,9,10,0,0,0,0,0,0,0,0,0,5,7,6,0,0,0,0,0,0,362,41,13,6,0,3,103,20,5,0,2,0,0,0,4,0,0,0,189,202,1377,0,0,0,0,9
0,0,0,0,268,188,170,0,0,0,0,0,0,0,0,0,0,0,0,0,0,0,0,0,0,0,0,0,126,192,483,0,0,0,0,0,0,0,0,0,0,0,0,0,0,0,620,39,16,0,0,0,0,0,0,0,0,0,0,0,0,0,0,0,0,0,0,0,0,0,0,0,0,0,0,0,0,0,0,0,0,0,398,42,17,9,0,6,141,29,19,2,0,0,0,0,0,0,0,0,100,163,1479,0,0,0,0,0
24,46,85,177,355,152,98,0,0,0,4,0,0,0,0,6,0,0,0,0,0,0,0,0,7,0,0,0,227,236,360,0,0,0,0,0,0,0,0,0,0,3,0,0,0,0,590,34,26,5,0,0,0,6,0,0,0,0,0,0,0,0,0,0,0,0,0,0,0,0,0,0,0,0,0,0,0,0,0,0,119,220,429,38,20,10,0,0,167,37,16,0,0,0,0,5,8,0,0,0,55,112,1549,0,0,0,0,0
103,113,160,223,242,109,54,9,10,14,21,7,0,5,8,24,35,22,9,0,0,5,31,67,158,250,330,381,431,248,223,0,0,0,19,16,9,0,0,0,25,73,161,254,333,406,562,20,11,0,0,0,22,25,7,7,7,6,9,11,10,8,9,12,8,8,7,8,4,4,5,2,0,0,0,0,9,7,73,134,259,246,249,53,39,36,57,119,203,48,16,0,0,0,4,13,26,0,0,0,31,76,1621,16,16,18,33,59
138,154,206,229,179,99,59,30,27,29,22,10,2,12,19,35,79,21,5,0,0,4,19,35,142,146,116,85,67,58,83,0,0,0,47,22,11,0,0,0,13,38,147,155,124,108,124,23,8,0,0,5,67,34,24,25,27,27,33,25,23,22,32,32,27,29,31,30,23,25,23,16,7,0,0,0,11,18,194,202,245,224,162,64,68,86,109,133,115,37,14,5,0,0,6,21,61,0,0,0,33,58,1684,35,45,66,92,114
812,726,630,498,364,269,196,148,122,88,58,25,12,31,48,78,146,24,7,0,0,0,15,33,231,117,74,39,30,30,42,0,0,0,83,23,22,0,0,0,17,42,267,149,80,49,42,10,9,0,0,0,253,343,653,629,604,557,527,495,473,437,412,377,340,315,276,243,218,197,172,52,16,0,0,0,23,63,0,963,843,685,547,460,413,360,304,242,162,71,36,6,0,0,7,21,87,0,0,0,63,181,0,1094,1048,1000,949,894
9,9,10,7,5,2,0,0,0,0,0,0,0,3,0,45,203,28,10,0,0,0,13,34,204,0,0,0,0,5,8,0,0,2,115,24,20,0,0,5,25,42,233,0,0,0,5,0,0,0,0,0,433,350,340,0,6,0,0,0,0,0,0,0,0,5,0,0,0,0,86,21,7,0,0,0,19,34,472,0,8,6,4,0,0,0,0,0,11,4,0,0,0,0,17,29,110,0,0,0,70,144,2041,10,6,0,0,9
0,0,0,0,0,0,0,0,0,0,0,0,0,0,0,27,266,32,17,0,0,0,16,37,172,0,0,0,0,0,0,0,0,4,155,33,17,0,0,3,22,44,202,0,0,0,0,0,0,0,0,0,587,291,176,0,0,0,0,0,0,0,0,0,0,0,0,0,0,7,62,15,5,0,0,0,5,25,436,0,0,0,0,0,0,0,0,0,0,0,0,0,0,0,10,32,139,72,0,0,117,198,1949,0,0,0,0,0
0,0,0,0,0,0,0,10,8,8,4,0,0,0,0,0,297,34,10,0,0,0,16,40,139,0,0,0,0,4,6,0,0,0,188,39,19,0,0,0,22,35,156,0,0,0,0,0,0,0,0,345,700,206,98,7,0,0,6,4,0,0,8,5,0,0,0,0,0,4,28,13,4,0,0,0,8,31,414,0,0,0,0,4,0,0,0,0,7,0,0,0,5,0,11,32,99,140,77,0,236,283,1836,0,0,0,0,0
9,0,0,0,27,43,0,736,689,651,616,579,544,515,472,434,405,67,26,0,0,3,24,32,106,2,0,0,10,15,50,37,76,119,219,38,13,0,0,0,21,31,127,0,0,0,44,53,93,155,303,590,429,146,56,0,0,0,25,18,21,21,27,15,12,10,18,0,0,0,7,3,4,0,0,0,10,38,386,6,0,0,5,19,9,9,8,8,25,15,17,4,19,34,62,102,183,284,398,423,455,260,1668,0,0,0,17,11
7,0,0,0,11,19,78,27,32,34,33,38,40,49,36,31,31,16,7,0,0,0,12,19,67,0,0,4,24,26,129,87,114,126,133,33,10,0,0,2,26,23,97,0,0,0,140,150,200,272,389,444,257,109,39,0,0,0,52,43,42,36,34,28,25,22,17,0,0,0,18,15,11,5,0,0,17,34,334,0,0,0,17,33,33,30,31,27,35,35,61,6,0,4,9,18,33,27,22,25,27,38,1536,0,0,0,41,21
8,0,0,0,9,7,31,13,10,16,14,14,21,36,27,20,22,15,7,0,0,0,0,10,38,0,0,0,20,28,238,140,172,227,149,63,27,7,0,0,13,19,73,4,0,0,289,239,331,466,673,458,228,101,29,0,0,0,99,100,125,186,155,125,88,51,24,0,0,0,49,32,28,9,0,0,4,26,306,0,0,0,12,45,80,125,155,184,215,132,162,18,7,0,3,6,21,11,12,15,23,50,1512,0,0,0,69,25
24,8,0,0,0,0,0,0,0,0,0,0,0,7,10,7,5,2,0,0,0,0,0,0,20,0,0,0,22,33,574,295,217,122,0,0,0,0,0,0,5,13,32,0,0,3,573,502,767,585,346,0,0,0,0,0,0,0,193,135,123,95,0,1,0,0,0,0,0,0,88,35,19,0,0,0,9,38,280,0,0,0,0,0,3,8,0,0,114,137,235,0,0,0,10,0,7,0,0,0,15,34,1460,0,0,0,95,34
14,0,0,0,0,0,0,0,0,0,0,0,0,0,0,0,0,0,0,0,0,0,15,0,0,0,0,4,28,34,602,0,0,0,0,0,0,0,0,0,0,4,8,0,0,0,806,456,388,0,0,0,0,0,0,0,0,0,277,135,126,49,0,0,0,0,0,0,0,0,116,33,12,0,0,0,10,29,236,0,0,0,0,0,0,0,0,0,71,123,313,0,0,0,34,8,9,0,0,0,14,29,1435,0,0,0,138,36
23,4,0,0,0,0,0,0,0,5,0,3,7,0,0,4,0,0,0,0,14,20,29,6,0,0,0,0,22,45,633,0,0,11,9,6,5,0,0,0,0,5,5,0,0,0,1004,350,198,0,0,0,0,0,0,0,0,0,353,106,68,0,0,0,0,2,0,0,0,0,151,32,11,0,0,3,20,33,213,0,0,0,0,0,0,4,0,0,39,84,376,0,0,5,57,12,6,0,0,0,13,28,1401,0,0,0,177,38
24,14,16,11,12,14,16,16,19,18,1,7,25,12,14,25,16,27,37,30,45,35,25,18,15,0,0,0,10,44,677,14,24,37,18,14,17,15,11,7,4,9,25,19,13,11,1136,225,98,0,0,0,18,8,13,10,6,15,417,83,49,11,14,19,10,18,11,0,0,0,182,37,11,0,0,0,11,27,181,82,50,24,7,0,9,22,13,14,42,67,426,0,0,7,89,20,11,0,0,0,23,40,1376,8,0,0,210,29
42,39,40,34,35,30,34,29,22,14,4,11,31,30,33,39,31,31,97,48,52,45,28,28,16,0,0,0,12,38,744,40,42,44,34,35,34,28,15,10,6,9,22,31,32,34,1259,156,52,0,0,0,19,15,24,24,22,25,479,74,37,30,31,39,29,36,27,5,0,0,207,30,7,0,0,0,6,17,59,29,17,6,0,5,17,25,27,21,50,71,479,0,0,7,132,36,30,7,0,7,29,28,1321,5,0,6,268,49
47,58,59,63,78,114,179,146,122,60,22,65,155,554,584,617,652,339,383,213,177,134,99,76,32,0,0,4,20,29,1060,278,249,207,168,129,100,71,41,21,8,20,44,72,99,123,1444,92,25,0,0,0,17,38,69,95,121,143,602,88,63,75,80,50,39,36,17,0,0,8,248,37,19,0,0,0,0,3,24,21,8,4,13,34,71,113,145,166,198,135,562,5,0,7,166,35,18,0,0,0,14,26,1290,6,0,0,312,55
214,350,302,256,211,161,88,0,33,55,39,74,119,364,0,0,341,337,640,122,0,0,0,3,0,0,0,4,31,40,1095,0,0,0,0,0,0,0,0,0,0,0,0,0,0,0,1496,72,21,0,0,0,0,0,0,0,0,89,775,123,138,94,42,0,53,36,15,0,0,8,287,36,15,0,0,0,0,0,0,5,0,0,5,6,9,9,0,0,112,137,649,8,0,12,220,33,12,0,0,0,16,25,1249,4,0,0,401,137
202,170,0,0,0,0,0,0,0,27,85,136,154,286,0,0,184,267,866,65,0,0,0,0,0,0,0,0,18,31,1124,0,0,0,0,0,0,0,0,0,0,0,0,0,0,0,1534,47,15,0,0,0,0,0,0,0,0,0,838,109,70,0,0,0,92,26,7,0,0,9,337,29,11,0,0,0,0,0,0,0,0,0,0,0,0,0,0,0,64,120,729,0,0,0,247,27,20,0,0,0,21,27,1215,0,0,0,495,176
163,92,0,0,0,0,0,0,0,0,159,176,138,189,0,0,90,181,971,0,0,0,0,3,6,7,0,0,23,35,1156,0,0,0,0,0,0,8,5,0,0,0,0,0,0,0,1572,41,15,0,0,0,0,0,0,0,0,0,898,93,36,0,0,0,115,24,9,0,0,0,364,25,14,0,0,0,7,2,0,0,0,0,0,0,3,0,0,5,46,84,789,389,0,147,274,33,20,0,0,0,10,23,1177,0,0,0,608,184
161,50,0,8,41,69,132,180,231,267,303,177,121,106,0,0,55,134,1039,519,284,158,85,54,41,48,29,21,29,40,1187,0,0,0,8,14,19,29,21,22,29,54,105,201,407,809,1606,35,14,9,10,11,16,20,9,0,0,0,950,68,30,26,48,90,145,43,40,58,110,210,399,36,24,12,20,11,29,16,16,0,0,0,9,19,25,0,0,6,44,66,452,706,112,238,161,40,23,0,0,0,11,22,1149,1027,994,952,921,271
16,0,0,0,17,28,72,62,59,45,45,40,47,28,0,5,28,100,579,555,423,301,195,129,98,81,72,66,57,62,1229,0,0,0,39,37,36,48,63,80,116,180,288,433,653,819,828,35,26,33,28,33,28,21,7,0,0,3,1006,85,68,71,93,105,105,87,92,132,183,237,228,53,38,40,44,37,41,24,13,0,0,0,5,23,62,0,0,0,37,86,318,0,395,317,166,60,19,0,0,0,10,18,89,41,37,30,34,23
6,0,0,0,15,21,98,53,36,18,26,17,13,0,0,10,40,108,403,688,925,1095,1294,1539,2783,2832,2874,1507,791,458,1471,0,0,0,1287,2449,4894,4862,4818,4755,4695,4625,4514,4354,4113,3770,3371,2933,2888,2856,2822,2795,1389,761,298,0,0,9,1363,630,1128,1087,1044,974,913,844,780,726,634,530,388,270,229,207,174,122,86,46,15,0,0,0,15,30,92,0,0,0,9,10,16,38,9,7,7,6,0,0,0,0,0,17,39,33,28,19,14,8
0,0,0,0,19,24,76,0,0,0,0,0,0,0,0,0,0,0,0,0,0,0,154,313,1172,0,1413,2178,1445,1003,1990,0,0,0,2521,2454,2478,0,2,0,0,0,0,0,0,0,0,5,0,0,0,1364,1194,884,594,0,0,0,1655,593,557,0,0,0,0,0,0,0,0,0,0,0,0,0,11,10,10,4,0,0,0,0,7,25,119,63,0,0,0,0,0,4,0,0,0,0,0,0,0,0,0,0,0,7,9,10,10,3
0,0,0,0,10,17,47,0,0,0,0,0,0,0,0,0,0,0,0,0,0,0,301,465,1019,4,0,1122,1285,1169,2582,0,0,0,0,2530,1270,0,0,0,0,0,0,0,0,0,0,0,0,0,0,757,1487,1170,1101,0,0,0,1919,474,286,0,0,0,0,0,0,0,0,0,0,0,0,0,0,0,6,5,4,0,0,0,9,29,87,119,0,0,0,0,0,0,0,0,0,0,0,0,0,0,0,0,0,0,0,0,0,0
0,0,0,0,4,6,14,0,0,0,0,0,0,0,3,0,0,4,4,12,0,0,593,639,758,0,0,531,1167,1190,3186,0,0,0,5278,30,15,0,0,0,0,0,0,9,9,4,0,0,0,0,0,0,870,1251,2169,1827,1209,0,2090,327,154,5,0,0,0,0,0,0,0,0,6,7,0,0,16,17,28,19,15,7,0,5,11,26,62,162,0,0,3,7,0,0,0,0,0,5,0,0,4,0,0,0,0,0,0,0,0,0
18,0,0,0,0,3,5,0,0,6,40,88,255,418,563,672,747,829,927,1025,1098,1154,1196,639,405,0,0,0,595,1249,4633,4793,4930,5026,5243,31,25,7,0,0,23,26,20,32,23,10,12,3,0,0,0,0,246,351,662,1244,2430,2402,2384,268,79,0,0,0,16,10,18,0,0,0,33,26,21,25,43,35,46,33,23,12,2,12,19,35,64,211,108,68,50,40,34,0,0,0,4,20,18,19,29,18,17,17,21,13,8,9,28,13
14,0,0,0,2,7,23,0,0,0,33,64,303,307,255,175,115,109,157,131,104,82,62,53,86,4,0,0,32,82,339,299,236,174,174,12,6,0,0,0,64,37,39,44,39,21,20,11,6,0,0,0,51,22,20,14,18,12,6,3,0,0,0,0,41,23,17,0,0,0,75,46,43,57,66,54,58,36,29,18,4,14,27,40,53,142,123,91,89,77,93,0,0,0,13,23,30,32,45,37,27,31,37,35,37,29,78,25
14,0,0,0,17,17,57,5,0,0,42,83,548,288,146,74,61,68,206,112,68,45,25,30,29,0,0,0,52,99,554,274,161,91,60,5,0,0,0,0,190,242,390,358,323,289,271,74,27,0,0,0,24,17,19,7,4,0,8,11,9,0,0,0,77,26,15,0,0,0,134,101,166,270,224,182,140,92,66,23,4,24,46,84,125,154,159,139,126,102,159,0,0,6,155,373,1205,1230,1266,1312,1340,1369,1403,1432,1479,1504,1612,20
33,6,0,0,13,27,83,0,0,4,70,125,494,0,0,7,19,42,166,0,0,0,0,5,0,0,0,0,83,130,492,0,0,0,0,0,0,0,0,0,314,217,180,0,0,0,166,26,10,0,0,0,0,0,0,0,0,0,41,20,7,0,0,0,102,35,19,0,0,123,228,177,241,136,0,0,0,0,7,0,0,0,0,0,63,149,233,309,230,175,270,0,0,0,238,365,795,0,0,0,0,0,0,0,4,0,1639,37
22,0,0,0,17,30,108,0,0,0,101,160,413,0,0,0,17,39,135,0,0,0,0,0,0,0,0,0,136,182,414,0,0,0,0,0,0,0,0,0,431,169,115,0,0,0,145,27,10,0,0,0,0,0,0,0,0,0,72,27,11,0,0,0,136,42,15,4,0,233,210,183,133,0,0,0,0,0,0,0,0,0,0,0,0,0,0,157,200,180,381,188,0,0,440,480,606,0,0,0,0,0,0,0,0,0,1676,44
23,0,0,2,20,43,140,0,0,0,189,217,323,0,0,0,19,28,105,0,0,0,0,0,0,0,0,142,269,227,304,0,0,0,0,4,7,11,9,0,492,113,66,0,0,0,116,20,10,0,0,0,0,0,0,0,0,0,103,29,20,9,0,0,171,37,21,8,0,337,186,126,60,0,0,0,0,4,0,0,0,15,3,0,0,0,0,93,228,339,574,801,835,876,912,506,347,0,0,0,0,0,2,0,0,5,1721,46
20,1,0,6,34,85,255,285,313,339,365,217,186,0,0,0,8,22,72,0,0,0,10,42,93,161,246,309,222,150,170,0,0,0,14,16,21,26,29,19,564,93,41,0,0,0,96,26,11,0,0,0,18,11,16,25,41,72,138,49,52,45,68,124,227,81,92,136,242,417,152,90,43,0,0,0,5,20,16,16,16,44,12,12,0,0,0,9,20,28,42,39,44,51,50,50,86,0,0,0,0,12,23,0,0,6,1768,42
28,5,0,0,6,14,18,30,32,34,46,48,66,0,0,0,9,25,49,0,0,0,9,28,71,101,128,99,76,66,87,0,0,0,13,19,33,45,44,42,632,66,27,0,0,0,63,32,21,4,0,6,69,38,48,62,75,102,111,79,85,83,110,155,175,118,142,198,253,255,130,65,43,5,0,0,7,20,23,28,37,91,20,13,3,0,0,3,10,16,23,26,31,35,31,26,43,0,0,0,4,23,59,5,0,0,1807,52
13,0,0,0,0,12,12,20,17,29,26,15,32,0,0,0,6,18,12,0,0,0,14,39,118,115,123,64,39,33,31,0,0,0,30,49,83,135,173,204,794,60,19,0,0,0,29,17,9,0,0,0,496,766,1489,1456,1410,1352,1282,1206,1145,1080,1036,975,861,748,675,590,461,306,160,77,34,0,0,0,9,33,60,86,119,248,30,24,16,0,0,0,6,8,9,15,10,11,8,7,17,0,0,0,3,17,96,5,0,0,1847,43
10,0,0,0,0,0,0,0,2,8,0,0,0,0,0,0,0,3,0,0,0,0,19,46,170,89,53,0,0,5,7,0,0,0,0,0,0,5,0,93,881,45,13,0,0,0,7,5,0,0,0,0,867,766,752,0,0,0,0,0,0,0,0,5,0,0,0,6,7,3,0,0,0,0,0,0,0,0,0,0,0,279,34,28,23,2,0,0,0,0,0,0,0,0,0,0,0,0,0,0,9,19,123,3,0,7,1886,31
20,0,0,0,0,0,0,0,0,0,0,0,0,0,0,0,0,0,0,0,0,0,30,56,131,0,0,0,0,0,0,0,0,0,0,0,0,0,0,49,972,45,18,0,0,0,0,0,0,0,0,0,1193,603,354,0,0,0,0,0,0,0,0,0,0,0,0,0,0,0,0,0,0,0,0,0,0,0,0,0,0,310,37,35,20,0,0,0,0,0,0,0,0,0,0,0,0,0,0,0,14,27,163,6,0,5,1928,32
18,0,0,0,0,0,0,0,0,0,0,0,0,0,0,0,0,0,0,0,0,0,55,65,89,0,0,3,3,0,0,0,5,6,0,6,0,0,0,0,1013,41,19,4,0,0,0,8,4,1,0,0,1411,407,182,7,0,0,0,5,6,0,0,0,0,0,0,0,0,0,5,10,0,0,5,0,0,0,0,0,0,346,49,43,16,0,0,0,3,3,0,0,0,0,6,0,0,0,0,3,17,34,189,0,0,0,1965,34
15,0,0,0,12,11,10,9,9,13,27,11,9,0,0,0,3,17,31,56,73,83,96,56,42,0,12,19,27,20,11,11,18,37,15,19,3,0,0,524,1043,40,29,18,26,38,45,83,114,204,389,763,1560,255,99,7,0,0,4,14,27,20,24,19,12,18,15,14,11,17,15,31,21,17,30,23,41,39,59,104,197,392,59,41,21,14,24,17,27,25,16,13,22,13,21,7,0,0,0,7,17,38,353,244,502,961,2000,28
11,0,0,0,42,19,13,8,5,15,62,25,12,0,0,0,0,5,4,7,6,3,5,6,8,5,19,30,28,34,40,25,37,89,30,22,8,0,0,811,555,51,58,59,76,91,129,199,281,423,634,839,896,162,67,5,0,0,7,18,32,31,30,38,35,32,29,36,28,31,34,40,44,39,36,38,120,90,126,162,226,238,57,51,43,37,39,38,46,38,32,34,39,30,37,23,14,0,0,11,34,38,638,505,760,981,1064,21
10,0,0,4,73,28,23,12,10,28,129,37,22,4,0,0,10,24,34,46,59,74,88,115,131,146,166,211,241,275,318,341,377,298,33,20,13,0,0,0,2522,2213,2167,2114,2079,2029,1974,1888,1775,1613,1389,1051,628,153,63,7,0,0,34,82,196,419,445,482,529,560,592,625,664,691,722,375,217,143,96,81,398,465,841,759,667,531,390,349,306,274,232,188,145,102,196,165,136,101,74,40,10,0,0,0,24,36,2145,1468,1197,789,579,22
11,0,0,9,127,39,34,9,0,0,159,38,17,0,0,0,0,0,0,0,0,0,0,8,0,0,0,0,0,0,0,0,202,539,42,26,16,4,0,0,5,0,0,0,0,0,0,0,6,4,0,0,0,0,0,0,0,0,21,47,134,181,0,0,5,0,0,0,0,0,488,861,1733,1816,1875,1936,1625,455,435,0,0,0,0,0,0,5,8,6,3,0,129,0,0,0,0,0,0,0,0,0,24,39,2177,0,0,0,312,21
11,0,0,0,155,38,23,0,0,0,201,38,13,0,0,0,0,0,0,0,0,0,0,0,0,0,0,0,0,0,0,0,0,576,43,34,21,12,0,0,0,0,0,0,0,0,0,0,0,0,0,0,0,0,0,0,0,0,37,60,207,110,0,0,0,0,0,0,0,0,218,337,743,0,0,972,2301,345,232,0,0,0,0,0,0,0,0,0,0,7,145,0,0,0,0,0,0,0,0,5,32,47,2217,0,0,0,339,26
