0,0,0,0,0,0,17,45,51,452,0,0,0,0,9,32,52,4181,0,0,0,0,0,0,0,0,0,0,0,0,0,0,0,0,0,0,0,0,790,867,798,867,0,0,0,0,198,216,208,265,6,0,0,0,109,172,161,3683,1823,0,0,0,0,0,0,0,0,0,0,3,11,21,19,22,0,0,0,0,13,16,17,20,29,0,0,0,9,39,56,596,0,0,0,37,61,19,5,58,0,0,0,0,53,105,131,1181,0,0,0,0,900,42,39,23,4,0,0,0,0,0
0,0,0,3,7,9,22,44,53,490,0,13,12,10,8,28,51,4219,2085,1031,509,0,0,0,0,0,0,0,0,0,0,0,0,0,0,566,987,1332,1595,985,676,435,0,0,147,269,352,222,182,157,0,0,0,111,206,179,134,3573,0,0,0,0,0,0,0,0,0,0,0,6,22,33,40,60,27,0,0,0,11,21,22,29,59,30,0,0,12,33,57,642,0,0,0,76,48,15,2,75,46,33,23,0,21,69,114,1246,601,615,635,665,860,40,33,15,0,0,0,0,0,0
16,14,18,19,26,27,29,44,65,557,21,35,21,11,4,25,48,2170,2171,1603,1302,650,324,10,10,10,0,0,0,0,19,55,104,353,708,1070,806,636,478,363,318,234,177,231,295,204,139,121,111,102,99,144,192,226,157,113,85,3491,2583,2176,1686,1077,505,108,55,22,0,0,0,0,15,28,41,78,86,46,47,29,32,46,45,47,71,80,46,28,29,38,56,692,24,43,60,119,42,17,2,40,43,44,58,39,42,70,106,710,0,3,12,28,148,34,23,13,0,0,0,0,10,21
31,32,36,31,41,45,60,58,70,634,45,48,32,13,5,28,52,1110,1679,1683,1512,1170,947,22,22,20,0,0,0,0,20,49,62,480,692,698,585,462,346,262,193,124,105,96,95,77,68,77,68,75,60,59,58,48,54,59,61,842,748,953,1154,1133,760,67,38,13,0,0,0,0,14,37,39,69,93,65,65,59,49,56,63,62,70,83,74,61,49,49,71,776,63,77,92,95,33,19,5,35,56,62,67,57,64,87,124,792,3,0,3,18,95,35,15,10,0,0,0,0,9,25
41,46,64,52,60,55,75,75,80,723,54,53,33,15,3,22,43,574,1128,1398,1420,1344,1661,34,30,18,0,0,0,11,35,47,61,883,888,667,464,302,195,136,98,76,66,56,59,49,51,60,52,54,43,38,29,26,30,46,40,434,515,795,1156,1514,1478,70,47,27,0,0,0,0,6,33,42,57,90,92,91,89,74,73,70,80,79,93,97,97,82,79,82,861,103,96,85,67,30,21,5,19,46,61,74,73,66,77,106,874,16,6,0,10,49,26,12,5,0,0,0,0,9,28
51,43,74,114,159,195,133,119,103,833,85,98,53,23,14,25,69,387,980,1687,2374,3055,4770,47,38,17,0,0,0,5,20,38,58,1706,875,443,243,125,85,66,40,35,28,22,23,20,28,35,19,21,13,9,8,11,16,28,12,137,193,381,732,1470,2900,72,54,42,12,0,0,0,21,60,110,163,238,295,360,432,500,577,652,768,888,969,1077,1145,1197,664,401,1347,258,180,126,74,39,22,8,27,66,118,169,226,163,138,141,1011,41,20,3,0,10,8,5,0,0,0,0,0,17,34
54,69,0,0,0,112,193,171,154,1055,122,56,0,0,0,0,0,6,0,0,0,0,4809,52,37,22,0,0,0,0,16,35,52,1660,0,0,0,0,0,3,0,0,0,0,0,5,6,5,0,0,0,0,0,0,0,4,0,11,5,6,0,0,2848,63,45,26,11,0,0,0,0,6,7,8,9,0,0,4,16,24,37,90,106,49,37,0,589,636,531,1646,0,0,0,0,51,23,9,0,0,0,0,114,137,135,142,1100,0,0,0,0,0,0,0,0,0,0,0,0,12,30
45,108,0,0,0,0,100,141,158,1150,0,0,0,0,0,0,0,0,0,0,0,0,4856,62,37,27,1,0,0,0,12,39,53,1620,0,0,0,0,0,0,0,0,0,0,0,0,0,0,0,0,0,0,0,0,0,0,0,0,0,0,0,0,2796,60,43,25,6,0,0,0,0,0,0,0,0,0,0,0,5,19,30,105,50,0,0,0,304,478,499,1924,0,0,0,0,82,25,18,4,0,0,0,71,125,141,146,1177,0,0,0,0,0,0,0,0,0,0,0,0,11,35
51,155,0,0,0,0,54,104,140,1241,0,0,0,0,0,0,0,0,0,0,0,0,4917,61,34,31,3,0,0,0,13,41,59,1576,0,0,0,0,0,0,0,0,0,0,0,0,0,0,0,0,0,0,0,0,0,0,0,0,0,0,0,0,2753,58,33,23,3,0,0,0,0,0,0,0,0,0,0,0,1,12,27,76,0,0,0,4,168,337,442,2157,0,0,0,0,111,31,29,8,0,0,0,34,90,123,153,1268,617,0,0,0,0,0,0,0,0,0,0,0,12,38
56,200,0,0,6,13,43,81,121,1323,5,0,0,0,0,4,0,0,0,0,0,0,4954,52,30,25,0,0,0,0,19,44,84,1526,282,160,0,0,0,0,0,0,0,0,0,0,0,7,10,17,18,0,0,0,0,0,0,0,0,0,0,0,2711,89,38,25,0,0,0,0,0,0,0,0,0,0,0,3,0,6,18,45,0,0,0,0,82,205,341,2343,0,0,0,0,144,37,29,5,0,0,0,26,74,114,142,740,986,502,0,0,0,0,0,0,0,0,0,6,19,40
56,246,125,75,47,44,51,78,108,1393,7,0,0,0,6,25,17,195,338,660,1325,2560,4994,48,28,23,0,0,0,0,27,47,91,1166,207,316,256,197,124,81,45,8,0,0,0,0,3,14,15,26,44,25,18,22,11,8,8,9,0,0,0,0,2642,112,39,19,0,0,0,0,8,5,9,12,23,15,16,16,5,0,4,23,0,0,0,0,49,135,254,2503,18,33,51,96,174,43,34,8,0,0,0,17,66,107,136,466,738,872,451,209,126,73,42,37,22,29,18,20,28,43
68,165,160,129,108,86,68,84,117,1489,7,0,0,0,5,27,34,636,840,1299,1888,2499,2483,58,46,23,0,0,0,0,23,52,104,1010,91,94,88,98,73,43,36,10,0,0,0,0,6,17,22,34,50,50,48,47,41,35,36,40,0,0,0,4,2571,144,70,33,0,0,0,0,42,32,40,40,42,28,24,21,20,4,0,7,0,0,0,4,41,89,180,2624,55,78,83,114,118,55,33,8,0,0,0,0,33,72,110,291,535,698,609,426,277,190,128,92,70,63,55,42,51,65
89,128,151,143,148,136,121,126,130,1551,0,0,0,0,16,31,57,1287,1210,1559,1870,1911,1274,57,37,12,0,0,0,0,36,73,129,888,73,82,94,99,91,37,37,11,0,0,0,0,14,24,39,49,56,62,73,72,67,62,59,91,0,0,0,0,2475,190,95,28,0,0,0,0,77,47,52,50,49,40,42,39,29,13,6,0,0,0,0,0,28,65,151,2771,92,110,103,115,98,54,28,10,0,0,0,0,35,62,94,194,379,530,562,508,409,312,238,177,138,101,99,84,78,78
2040,2123,2212,2291,1203,689,405,276,235,1680,0,0,0,0,12,27,51,5519,4188,3569,2759,1793,784,96,44,11,0,0,0,0,39,83,126,764,26,30,53,77,135,32,29,15,0,0,0,7,30,53,91,143,192,240,309,360,403,253,140,180,0,0,0,0,2351,240,146,60,0,0,0,0,145,95,109,154,237,194,158,119,74,46,23,4,0,0,0,0,25,44,106,3669,815,750,606,479,285,144,75,24,0,0,0,0,26,55,97,155,291,428,724,981,1195,1360,1486,1583,1672,1736,1810,1860,1917,1970
0,0,0,1175,1775,2129,2342,1321,773,2096,0,0,0,0,11,32,60,5566,0,0,0,7,6,6,0,0,0,0,0,0,69,125,180,690,0,0,0,0,97,30,21,21,5,0,0,0,0,0,0,5,3,6,9,0,198,259,208,307,0,0,0,2,2222,335,223,97,0,0,0,0,239,155,178,224,126,0,0,0,0,0,0,0,0,0,0,4,24,32,76,3724,0,56,112,224,135,44,35,10,0,0,0,0,30,54,94,128,229,0,0,0,0,0,0,0,0,0,5,0,0,0
0,0,0,0,0,0,1170,1271,985,2598,0,0,0,0,12,25,49,5603,0,0,0,0,0,0,0,0,0,0,0,0,90,160,195,570,0,0,0,0,66,18,4,3,0,0,0,0,0,0,0,0,0,0,0,0,100,194,197,417,0,0,0,0,2019,385,333,178,0,0,0,0,331,169,146,112,0,0,0,0,0,0,0,0,0,0,0,9,27,37,59,3780,0,0,0,138,233,41,36,14,0,0,0,0,18,37,92,120,301,0,0,0,0,0,0,0,0,0,0,0,0,0
0,0,0,0,0,0,603,988,1004,3097,0,0,0,0,16,31,52,5644,0,0,0,0,0,0,0,0,0,0,0,0,173,226,218,460,0,0,0,0,32,7,0,11,2,0,0,0,0,0,0,0,0,0,0,0,58,143,198,531,0,0,0,0,1812,436,472,386,0,0,0,215,417,147,101,70,0,0,0,0,0,0,0,0,0,0,0,13,42,49,69,3828,0,0,0,0,193,43,26,14,0,0,0,0,16,28,66,108,371,0,0,0,0,0,0,0,0,0,0,0,0,0
6,0,0,4,0,0,308,666,873,3529,1775,890,466,238,138,96,84,5704,0,0,0,0,0,5,0,0,0,0,162,266,346,244,182,332,6,0,0,0,14,0,5,38,11,0,0,0,0,0,0,0,0,0,5,0,33,93,153,635,0,0,0,0,1564,395,511,747,482,0,187,373,289,139,96,63,6,0,0,0,0,0,0,3,0,0,0,0,32,42,67,3893,0,0,0,0,151,41,20,12,0,0,0,0,18,32,58,92,440,239,122,0,0,0,0,5,0,0,0,0,0,3
3640,3812,4024,4198,4340,4472,4709,5133,5657,7545,9048,10226,11225,12004,12584,12978,13264,0,0,0,0,0,24,71,108,149,215,258,307,190,135,117,101,215,7,0,0,0,0,5,15,80,29,19,17,19,5,1,0,4,6,12,27,19,37,74,118,706,0,0,0,0,1335,235,316,522,949,905,868,642,417,225,124,46,0,0,0,0,0,4,18,38,12,8,9,9,23,40,57,3939,0,0,0,0,119,43,21,10,0,0,0,13,57,103,179,250,505,668,846,894,960,1054,1217,1592,2043,2482,2845,3136,3320,3491
235,333,359,303,259,215,144,129,114,248,1129,1510,1477,1260,927,636,456,478,8,0,0,4,31,35,45,61,72,61,59,59,58,71,67,144,0,0,0,0,6,12,24,125,43,31,31,31,17,11,5,13,22,29,43,46,56,78,114,784,0,0,0,0,1208,89,79,72,55,51,38,31,32,28,24,9,0,0,0,0,6,10,24,91,24,22,22,20,10,30,58,3985,0,0,0,0,73,39,23,9,0,0,0,6,24,28,41,43,56,53,66,61,82,164,288,706,900,848,700,523,362,296
161,382,346,248,185,128,83,99,117,351,1987,1934,1442,1008,611,398,266,216,4,0,0,0,15,24,36,52,47,45,47,45,46,52,46,89,0,0,0,0,20,25,38,182,53,36,45,34,19,17,5,15,28,31,36,46,63,77,101,860,0,0,0,0,1148,71,60,60,45,42,34,33,25,19,12,4,0,0,0,0,9,19,23,146,49,43,33,23,5,19,47,4031,0,0,0,0,38,26,24,10,0,0,0,0,16,15,29,40,38,40,39,33,91,215,376,1106,1011,716,478,307,207,168
142,579,295,140,90,43,44,83,129,599,3618,1825,921,470,240,145,86,65,0,0,0,0,5,13,28,51,33,35,25,18,26,28,29,51,0,0,0,0,16,27,49,262,74,63,67,44,32,20,3,14,35,71,118,154,201,146,139,936,0,0,0,0,1096,72,57,40,32,17,12,9,9,9,6,0,0,0,0,0,10,25,40,242,126,89,58,29,5,18,44,4066,0,0,0,0,11,7,10,10,0,0,0,0,10,8,18,27,17,15,12,18,132,315,478,1817,909,478,259,138,100,115
142,491,0,0,0,0,42,100,151,1013,3284,0,0,2,6,9,7,7,0,0,0,0,3,13,21,18,0,0,0,0,4,11,13,18,0,0,0,0,16,33,54,504,196,143,100,51,37,26,5,22,0,0,0,0,107,125,150,1041,0,0,0,5,1047,54,45,26,18,6,0,0,0,0,0,0,0,0,0,0,10,21,47,311,69,0,0,0,8,25,42,4107,0,0,0,0,0,0,0,0,0,0,0,0,0,0,0,5,0,0,0,0,224,499,650,1588,0,0,0,0,46,93
197,407,6,0,0,0,73,122,157,1893,2772,0,0,0,0,0,0,0,0,0,0,0,6,9,4,6,0,0,0,0,0,2,2,5,6,0,0,0,21,33,59,544,0,0,0,0,33,25,4,35,0,0,0,0,64,99,125,1118,0,0,0,0,994,58,38,25,6,0,0,0,0,0,0,0,0,0,0,9,33,42,55,415,44,0,0,0,8,32,56,4146,0,0,0,0,0,0,0,0,0,0,0,0,0,0,0,0,0,0,0,0,435,714,768,1234,0,0,0,0,88,158
190,274,3,0,0,0,114,149,154,3603,1794,0,0,0,0,0,0,0,0,0,0,4,12,19,18,22,0,0,0,0,14,14,16,14,26,0,0,0,17,39,65,596,0,0,0,31,61,27,5,48,0,0,0,0,53,95,118,1182,0,0,0,0,943,52,35,18,4,0,0,0,0,0,0,0,0,0,0,0,16,42,52,452,0,0,0,0,8,28,55,4189,0,0,0,0,0,0,0,0,0,0,0,0,0,0,0,0,0,0,0,0,872,952,795,819,0,0,0,0,165,200
175,155,0,0,0,112,200,162,140,3522,0,0,0,0,0,0,0,0,0,0,0,6,29,32,34,49,26,0,0,0,16,23,29,34,57,37,0,0,10,34,52,636,0,0,0,78,55,23,6,65,30,25,16,0,27,72,113,1251,650,667,689,717,903,48,37,15,0,0,0,0,0,0,0,0,0,6,10,12,28,48,67,495,0,5,6,4,7,30,56,4237,2137,1067,515,0,0,0,0,0,0,0,0,0,0,0,0,0,0,558,1013,1387,1651,984,617,430,0,0,138,245,312,229
93,100,95,134,177,225,158,118,100,3438,2540,2142,1657,1064,527,101,58,24,0,0,0,0,21,38,55,60,75,47,42,21,28,40,49,54,63,82,48,27,30,48,59,701,29,48,61,119,49,24,5,49,40,43,51,35,45,61,99,673,0,7,17,27,135,37,34,13,0,0,0,0,10,18,10,10,13,16,25,26,27,48,72,558,18,28,20,12,3,22,42,2134,2155,1665,1349,676,365,13,11,10,0,0,0,0,29,73,103,373,732,1133,885,671,482,367,265,211,164,212,262,175,125,109
82,68,54,51,58,57,54,51,63,824,748,942,1122,1069,805,63,42,23,0,0,0,0,15,35,63,73,74,64,68,51,55,45,54,58,71,88,72,62,50,60,75,799,60,81,84,91,39,15,5,41,52,61,57,53,70,83,91,742,3,0,3,15,84,26,21,11,0,0,0,0,12,25,30,33,34,31,35,42,38,52,71,621,39,39,29,17,3,24,43,1099,1658,1688,1551,1137,991,29,21,19,0,0,0,0,25,45,43,493,698,717,568,419,311,228,165,124,101,76,74,74,68,70
45,35,38,35,40,33,34,36,43,409,494,765,1116,1408,1428,66,45,32,0,0,0,0,10,31,54,76,87,86,84,67,74,69,73,75,76,96,96,93,73,64,74,907,94,108,87,82,41,16,6,29,48,69,69,59,72,93,99,824,20,6,0,6,40,21,13,7,0,0,0,0,15,24,36,39,47,53,60,66,66,70,96,723,67,49,32,16,3,23,40,542,1119,1413,1522,1308,1682,33,23,16,0,0,0,9,39,44,53,905,899,684,442,276,185,123,80,47,44,39,41,40,42,52
13,21,18,13,14,8,13,26,19,143,210,404,746,1467,2844,68,46,39,11,0,0,0,22,57,114,178,254,320,386,447,512,583,657,762,882,978,1089,1160,1217,639,352,1345,250,188,125,75,37,16,10,30,69,123,183,223,168,145,124,964,49,24,8,0,7,6,3,0,0,0,0,0,26,36,53,59,65,105,148,194,136,96,93,842,91,89,55,27,18,31,69,356,912,1593,2391,3055,4783,39,31,13,0,0,0,8,21,30,49,1708,854,420,200,104,62,48,27,28,25,16,14,16,23,28
0,0,0,0,0,0,0,6,0,15,10,6,0,0,2790,65,46,22,7,0,0,0,0,7,10,8,8,0,0,4,14,27,36,94,122,69,39,0,626,667,560,1644,0,0,0,0,40,15,10,0,0,0,0,108,135,154,138,1056,0,0,0,0,0,0,0,0,0,0,0,0,16,36,54,72,0,0,0,107,196,171,142,1046,105,49,0,0,0,0,0,3,0,0,0,0,4825,51,42,15,0,0,0,0,15,34,56,1667,0,0,0,0,0,6,0,0,0,0,0,6,9,7
0,0,0,0,0,0,0,0,0,0,0,0,0,0,2743,63,49,27,8,0,0,0,0,0,0,0,0,0,0,0,7,19,26,116,57,0,0,0,309,460,519,1918,0,0,0,0,75,35,23,5,0,0,0,65,116,152,143,1157,0,0,0,0,0,0,0,0,0,0,0,0,12,35,55,119,0,0,0,0,98,135,145,1139,0,0,0,0,0,0,0,0,0,0,0,0,4865,51,38,18,3,0,0,0,12,28,61,1620,0,0,0,0,0,0,0,0,0,0,0,0,0,0
0,0,0,0,0,0,0,0,0,0,0,0,0,0,2698,75,45,24,6,0,0,0,0,0,0,0,0,0,0,0,2,14,25,87,0,0,0,5,185,330,454,2153,0,0,0,0,105,31,20,5,0,0,0,33,86,138,142,1242,613,0,0,0,0,0,0,0,0,0,0,0,9,33,53,170,0,0,0,0,68,108,131,1224,0,0,0,0,0,0,0,0,0,0,0,0,4921,62,50,30,6,0,0,0,12,40,78,1570,0,0,0,0,0,0,0,0,0,0,0,0,0,0
7,11,7,0,0,0,0,0,0,0,0,0,0,0,2639,97,46,19,0,0,0,0,0,0,0,0,0,0,0,1,0,9,17,53,0,0,0,0,97,220,360,2336,0,0,0,0,138,45,28,7,0,0,0,20,53,97,126,700,952,476,0,0,0,0,0,0,0,0,0,8,16,33,55,213,0,0,6,11,56,88,118,1302,5,0,0,0,0,6,0,0,0,0,0,0,4974,70,44,16,0,0,0,0,20,50,83,1516,282,160,0,0,0,0,0,0,0,0,0,0,0,6
22,28,37,27,17,31,22,16,16,12,0,0,0,0,2570,115,60,17,0,0,0,0,12,12,15,18,24,14,14,21,4,0,6,27,0,0,0,0,54,139,263,2508,16,22,57,95,184,52,26,8,0,0,0,20,64,92,132,448,698,849,447,204,121,68,39,39,25,25,17,26,30,44,63,266,130,71,55,44,59,89,109,1390,9,0,0,0,4,22,12,168,306,618,1239,2408,5010,53,29,11,0,0,0,0,28,58,85,1168,225,322,268,203,136,81,40,10,0,0,0,0,4,16
38,43,44,39,30,42,39,40,36,36,0,0,0,9,2503,166,90,38,0,0,0,0,50,41,39,36,35,33,33,30,14,3,0,8,0,0,0,4,48,113,191,2648,53,75,113,121,126,40,21,6,0,0,0,0,40,73,123,313,499,663,592,394,247,167,110,89,70,50,47,51,47,53,59,186,172,118,101,94,82,110,122,1482,6,0,0,0,8,31,38,633,827,1341,1911,2507,2650,57,34,12,0,0,0,0,31,63,84,993,91,93,102,107,94,51,29,11,0,0,0,0,7,22
41,56,69,60,59,70,60,63,62,80,0,0,0,0,2376,196,114,37,0,0,0,0,96,66,65,62,57,51,43,33,23,7,5,0,0,0,0,0,28,81,145,2788,91,104,110,105,84,37,27,11,0,0,0,0,32,55,95,222,380,525,588,529,400,291,211,161,131,93,67,65,67,78,74,140,175,152,131,123,105,109,125,1563,0,0,0,0,17,28,42,1275,1211,1604,1866,1921,1359,48,34,11,0,0,0,0,42,74,117,890,49,57,73,87,101,50,34,14,0,0,0,0,13,22
88,137,197,245,305,354,399,251,180,209,0,0,0,0,2273,261,160,70,0,0,0,0,169,88,95,117,212,177,141,105,65,38,23,2,0,0,0,0,20,66,118,3666,793,734,606,480,275,138,73,20,0,0,0,0,22,50,87,157,276,404,703,981,1197,1352,1471,1569,1652,1725,1793,1838,1881,1934,1995,2078,2177,2267,1204,675,402,273,216,1671,0,0,0,0,16,31,46,5534,4213,3587,2761,1799,801,96,50,11,0,0,0,0,39,95,146,777,28,30,44,64,127,37,28,16,0,0,0,2,25,49
0,5,8,12,12,0,201,228,189,320,0,0,0,2,2123,357,251,120,0,0,0,0,237,117,157,204,130,0,0,0,0,0,0,0,0,0,0,6,22,56,94,3731,0,53,101,217,151,53,30,9,0,0,0,0,28,49,75,133,227,0,0,0,0,0,0,0,0,0,6,0,0,0,0,0,0,1144,1759,2110,2319,1268,777,2084,0,0,0,0,18,37,59,5578,0,0,0,11,11,6,0,0,0,0,0,0,64,132,171,664,0,0,0,0,94,28,22,21,6,0,0,0,0,0
0,0,0,0,0,0,102,186,193,437,0,0,0,0,1920,386,344,205,0,0,0,0,315,144,152,114,0,0,0,0,0,0,0,0,0,0,0,6,21,53,83,3798,0,0,0,121,228,54,35,8,0,0,0,0,14,48,68,106,300,0,0,0,0,0,0,0,0,0,0,0,0,0,0,0,0,0,0,0,1192,1209,1017,2596,0,0,0,0,11,25,55,5621,0,0,0,0,0,0,0,0,0,0,0,0,94,164,197,561,0,0,0,0,66,18,7,2,0,0,0,0,0,0
0,0,0,0,0,0,56,128,172,521,0,0,0,0,1719,419,477,375,0,0,0,202,402,149,118,71,0,0,0,0,0,0,0,0,0,0,0,6,29,42,74,3851,0,0,0,0,187,43,33,9,0,0,0,0,10,44,60,92,355,0,0,0,0,0,0,0,0,0,0,0,0,0,0,0,0,0,0,0,632,910,961,3081,0,0,0,0,14,26,51,5655,0,0,0,0,0,0,0,0,0,0,0,0,184,233,217,451,0,0,0,0,30,3,0,9,2,0,0,0,0,0
0,0,0,0,7,0,39,94,161,642,0,0,0,0,1493,365,547,750,489,0,188,344,283,138,99,66,6,0,0,0,0,0,0,8,0,0,0,0,26,44,65,3906,0,0,0,0,153,43,27,9,0,0,0,0,12,44,55,91,421,194,97,0,0,0,0,4,0,0,0,0,0,2,7,0,0,5,0,0,328,634,808,3475,1715,808,444,227,129,86,96,5712,0,0,0,0,0,4,0,0,0,0,150,278,356,250,185,334,6,0,0,0,15,0,7,39,11,0,0,0,0,0
0,5,5,14,28,22,39,72,111,713,0,0,0,0,1279,211,314,512,952,914,877,636,440,239,135,53,0,0,0,0,0,9,12,37,6,6,7,9,16,42,65,3954,0,0,0,0,116,45,29,10,0,0,0,15,46,109,171,255,542,692,836,885,948,1036,1180,1563,1996,2409,2760,3053,3260,3426,3571,3738,3939,4147,4299,4408,4695,5115,5643,7569,9078,10183,11223,11981,12554,12969,13245,0,0,0,0,0,20,67,116,160,215,266,306,207,137,123,97,201,6,0,0,0,0,8,23,74,15,15,13,21,6,2
3,15,21,27,28,38,49,72,103,777,0,0,0,0,1153,83,74,72,53,39,44,33,35,28,17,9,0,0,0,0,1,12,20,79,24,21,23,14,5,35,57,3997,0,0,0,0,69,30,23,10,0,0,0,5,14,28,38,54,61,52,54,56,72,140,253,694,817,768,654,515,360,285,229,315,368,347,273,196,175,154,140,271,1100,1496,1543,1251,953,678,460,506,6,0,0,6,24,43,58,57,62,64,64,70,66,64,58,132,0,0,0,0,3,14,28,123,40,35,28,27,16,11
3,13,26,43,46,55,63,79,94,854,0,0,0,0,1099,77,53,50,44,33,31,25,23,23,12,6,0,0,0,0,8,20,32,137,47,39,35,16,5,31,51,4054,0,0,0,0,42,23,19,12,0,0,0,0,12,26,34,42,42,37,39,36,84,196,343,1085,976,757,525,342,226,181,164,400,396,294,196,128,116,102,104,373,1986,1951,1469,993,637,401,258,217,4,0,0,0,10,31,42,48,55,57,53,44,39,43,50,82,0,0,0,0,15,25,36,196,60,48,46,46,32,16
2,16,34,71,119,159,202,157,138,945,0,0,0,0,1044,65,48,37,28,20,17,9,9,9,4,0,0,0,0,0,10,18,35,247,123,84,55,23,5,28,42,4093,0,0,0,0,14,11,8,10,0,0,0,0,10,13,18,28,17,10,9,12,119,279,453,1817,914,494,261,149,115,124,155,618,317,147,79,42,51,74,100,607,3674,1876,969,511,263,146,91,71,0,0,0,0,4,24,25,46,32,27,16,13,15,28,27,40,0,0,0,0,13,31,44,259,61,64,58,56,31,14
7,27,0,0,0,0,109,130,124,1031,0,0,0,7,1004,65,48,29,20,4,0,0,0,0,0,0,0,0,0,0,21,29,43,327,58,0,0,0,11,29,49,4138,0,0,0,0,0,0,0,0,0,0,0,0,0,0,0,3,0,0,0,0,202,438,651,1582,0,0,0,0,52,131,192,520,0,0,0,0,34,88,138,1068,3360,0,0,7,9,5,7,9,0,0,0,0,5,18,18,25,0,0,0,0,3,13,13,16,0,0,0,0,9,35,54,514,205,152,100,57,33,19
3,38,0,0,0,0,65,127,131,1111,0,0,0,0,939,62,44,21,14,0,0,0,0,0,0,0,0,0,0,4,31,38,55,402,22,0,0,0,12,23,55,4182,0,0,0,0,0,0,0,0,0,0,0,0,0,0,0,0,0,0,0,0,441,710,794,1222,0,0,0,0,97,180,198,392,10,0,0,0,58,127,169,1920,2819,0,0,0,0,0,0,0,0,0,0,0,5,2,4,5,0,0,0,0,0,6,6,7,6,0,0,0,15,31,53,556,0,0,0,0,39,17
6,56,0,0,0,0,41,95,110,1180,0,0,0,0,889,50,32,15,9,0,0,0,0,0,0,0,0,0,0,0,19,35,55,449,0,0,0,0,12,26,47,4218,0,0,0,0,0,0,0,0,0,0,0,0,0,0,0,0,0,0,0,0,851,902,781,808,0,0,0,0,185,224,195,270,6,0,0,0,111,172,164,3676,1859,0,0,0,0,0,0,0,0,0,0,5,13,17,17,22,0,0,0,0,11,14,19,21,33,0,0,0,14,28,53,592,0,0,0,37,62,14
5,69,53,28,20,0,30,90,115,1265,602,624,644,667,854,49,26,11,0,0,0,0,0,0,0,0,0,6,5,7,24,43,53,487,0,9,9,6,8,25,54,4259,2157,1113,578,0,0,0,0,0,0,0,0,0,0,0,0,0,0,548,1024,1359,1621,949,629,416,0,0,165,273,354,245,183,158,0,0,0,112,214,176,145,3588,0,0,0,0,0,0,0,0,0,0,0,10,27,30,33,56,35,0,0,0,13,23,31,39,63,36,0,0,18,34,58,634,0,0,0,71,50,19
4,30,59,53,55,28,37,71,91,726,0,7,16,25,139,35,22,8,0,0,0,0,10,19,10,8,10,23,21,21,28,46,58,557,26,35,21,14,7,17,47,2135,2145,1625,1404,697,375,12,15,10,0,0,0,0,30,62,102,389,741,1092,885,629,473,337,281,212,195,251,308,196,139,119,104,94,97,148,191,224,153,108,102,3498,2598,2213,1737,1110,520,111,58,20,0,0,0,0,20,35,38,53,73,38,27,20,27,37,38,52,71,82,51,27,33,43,63,693,24,45,63,112,44,17
7,23,52,65,72,57,60,78,93,789,2,0,3,9,92,35,24,6,0,0,0,0,11,32,36,31,30,37,41,43,45,55,66,615,35,36,28,15,5,15,43,1076,1611,1644,1501,1098,979,35,26,15,0,0,0,0,24,41,63,515,701,684,612,428,325,224,185,138,112,85,83,71,57,73,71,69,77,72,60,52,63,65,65,826,730,939,1198,1152,812,66,44,17,0,0,0,0,15,38,51,63,79,69,58,48,49,55,60,61,84,87,87,65,61,65,78,783,63,82,87,85,38,26
3,18,51,78,83,78,78,96,117,884,18,6,0,5,45,23,17,3,0,0,0,0,8,25,44,49,46,53,54,56,60,70,88,704,55,47,37,18,11,26,53,584,1092,1434,1515,1307,1637,40,25,12,0,0,0,6,34,39,57,883,845,638,464,266,175,129,115,83,66,54,47,38,36,57,50,49,41,30,25,21,32,37,41,423,491,719,1147,1486,1491,73,47,24,0,0,0,0,13,37,61,75,96,97,87,74,64,66,82,81,83,83,90,82,76,84,83,893,96,88,80,69,43,27
4,20,53,110,164,216,147,131,137,1016,45,24,8,0,9,7,7,0,0,0,0,0,21,34,49,59,73,116,162,211,128,104,106,831,77,94,57,24,15,27,71,394,942,1644,2416,3113,4799,54,29,12,0,0,0,4,20,35,57,1702,862,448,222,101,65,54,33,29,24,15,14,24,26,40,20,20,12,11,10,10,19,29,20,135,201,359,714,1464,2902,74,46,34,6,0,0,0,23,60,120,176,250,313,376,443,504,562,637,748,874,963,1082,1140,1191,655,376,1361,251,186,135,78,49,21
8,0,0,0,0,119,137,128,148,1109,0,0,0,0,0,0,0,0,0,0,0,0,15,28,52,68,0,0,0,124,208,180,150,1036,117,63,0,0,0,0,0,5,0,0,0,0,4842,58,31,17,0,0,0,0,14,37,59,1660,0,0,0,0,0,5,0,0,0,0,0,6,4,7,0,0,0,0,0,0,0,6,0,11,11,6,0,0,2851,68,48,28,5,0,0,0,0,6,8,3,7,0,0,7,18,29,39,81,116,64,44,0,599,633,502,1636,0,0,0,0,56,23
12,3,0,0,0,61,114,127,154,1206,0,0,0,0,0,0,0,0,0,0,0,0,16,33,47,104,0,0,0,0,94,130,172,1150,0,0,0,0,0,0,0,0,0,0,0,0,4888,57,32,18,6,0,0,0,13,41,57,1612,0,0,0,0,0,0,0,0,0,0,0,0,0,0,0,0,0,0,0,0,0,0,0,0,0,0,0,0,2811,71,45,28,3,0,0,0,0,0,0,0,0,0,0,0,7,14,25,104,60,0,0,0,314,500,510,1903,0,0,0,0,83,22
25,8,0,0,0,39,86,108,128,1277,643,0,0,0,0,0,0,0,0,0,0,0,23,43,56,161,0,0,0,0,60,98,142,1251,0,0,0,0,0,0,0,0,0,0,0,0,4938,59,45,35,11,0,0,0,15,39,63,1570,0,0,0,0,0,0,0,0,0,0,0,0,0,0,0,0,0,0,0,0,0,0,0,0,0,0,0,0,2756,74,46,29,2,0,0,0,0,0,0,0,0,0,0,0,2,10,22,76,0,0,0,5,169,343,440,2127,0,0,0,0,119,37
19,6,0,0,0,30,73,103,129,718,1027,525,0,0,0,0,0,0,0,0,0,2,18,42,60,207,0,0,5,15,46,71,113,1333,5,0,0,0,0,4,0,0,0,0,0,0,4991,64,45,20,0,0,0,0,16,43,64,1518,283,164,0,0,0,0,0,0,0,0,0,0,0,6,8,8,11,0,0,0,0,0,0,0,0,0,0,0,2706,95,48,24,0,0,0,0,0,0,0,0,0,0,0,4,0,3,14,49,0,0,0,0,83,233,348,2315,0,0,0,0,147,38
23,10,0,0,0,13,70,95,112,410,731,926,497,255,133,76,32,34,20,25,16,17,26,37,53,250,134,72,41,35,53,64,94,1413,7,0,0,0,6,19,17,172,294,638,1250,2509,5035,53,41,12,0,0,0,0,22,53,82,1181,226,332,273,210,155,86,45,13,0,0,0,0,4,13,22,23,41,24,19,25,16,14,15,11,0,0,0,0,2635,99,56,26,0,0,0,0,9,9,11,14,22,12,21,26,6,0,3,23,0,0,0,0,52,157,265,2474,20,31,44,95,189,43
27,9,0,0,0,0,46,91,120,276,500,688,607,471,301,208,124,83,56,54,49,41,50,58,57,155,152,125,101,70,66,82,96,1500,6,0,0,0,11,26,28,579,788,1310,1932,2594,2570,57,41,11,0,0,0,0,19,58,107,990,81,88,100,89,89,45,36,15,0,0,0,0,9,23,33,29,44,41,39,42,38,35,38,50,0,0,0,6,2580,144,66,36,0,0,0,0,41,32,34,40,39,30,37,24,11,6,0,6,0,0,0,4,50,107,198,2612,47,64,90,134,132,41
27,12,0,0,0,0,33,68,94,192,368,544,550,521,426,329,236,176,133,96,88,71,65,80,86,127,150,145,132,123,103,95,104,1567,0,0,0,0,17,29,40,1245,1253,1678,1975,1951,1285,55,32,9,0,0,0,0,25,72,141,871,55,55,78,89,109,43,33,16,0,0,0,0,13,29,47,47,53,54,65,71,63,57,50,90,0,0,0,0,2467,210,115,49,0,0,0,0,90,66,62,57,50,44,49,32,20,14,4,0,0,0,0,0,35,86,142,2734,87,105,128,122,90,44
75,19,0,0,0,0,22,51,75,135,254,430,726,998,1227,1415,1547,1641,1730,1795,1869,1925,1971,2023,2102,2183,2269,2364,1269,684,406,255,173,1666,0,0,0,0,16,30,49,5563,4270,3627,2753,1755,752,95,43,10,0,0,0,0,32,104,157,753,25,24,42,57,124,40,28,17,0,0,0,4,24,53,102,151,202,249,307,357,404,250,158,203,0,0,0,0,2337,267,164,82,0,0,0,0,167,103,118,155,236,195,159,115,75,51,25,6,0,0,0,0,28,73,137,3636,808,751,599,455,277,143
35,7,0,0,0,0,30,49,81,114,202,0,0,0,0,0,0,0,0,0,6,0,0,0,0,0,0,1171,1839,2196,2413,1360,809,2103,0,0,0,0,15,32,53,5601,0,0,0,11,10,7,0,0,0,0,0,0,62,141,170,662,0,0,0,0,88,27,23,21,5,0,0,0,0,0,0,3,6,10,8,0,200,235,192,311,0,0,0,3,2181,333,237,117,0,0,0,0,242,143,172,201,118,0,0,0,0,0,0,0,0,0,0,4,33,53,111,3701,0,70,122,219,148,46
36,10,0,0,0,0,25,37,69,99,270,0,0,0,0,0,0,0,0,0,0,0,0,0,0,0,0,0,0,0,1212,1266,1048,2667,0,0,0,0,8,33,57,5642,0,0,0,0,0,0,0,0,0,0,0,0,112,174,187,565,0,0,0,0,65,12,5,2,0,0,0,0,0,0,0,0,0,0,0,0,107,192,198,430,0,0,0,0,1990,394,347,208,0,0,0,0,330,163,153,101,0,0,0,0,0,0,0,0,0,0,0,3,33,47,95,3768,0,0,0,120,227,49
36,14,0,0,0,0,21,39,59,87,330,0,0,0,0,0,0,0,0,0,0,0,0,0,0,0,0,0,0,0,621,955,980,3187,0,0,0,0,5,28,53,5678,0,0,0,0,0,0,0,0,0,0,0,0,180,212,205,454,0,0,0,0,34,7,0,10,3,0,0,0,0,0,0,0,0,0,0,0,53,131,174,531,0,0,0,0,1776,442,486,382,0,0,0,228,433,154,123,58,0,0,0,0,0,0,0,0,0,0,0,6,37,50,90,3824,0,0,0,0,189,48
31,12,0,0,0,0,19,40,62,81,385,192,107,0,0,0,0,4,0,0,0,0,0,7,10,0,0,5,0,0,306,652,822,3599,1840,912,467,244,137,97,92,5738,0,0,0,0,0,2,0,0,0,0,158,260,351,256,177,333,6,0,0,0,13,0,7,45,13,0,0,0,0,0,0,0,0,0,5,0,40,96,153,626,0,0,0,0,1533,372,569,795,541,0,183,385,279,121,99,48,5,0,0,0,0,0,0,6,0,0,0,0,25,44,81,3892,0,0,0,0,149,43
39,13,0,0,0,14,60,107,183,274,524,657,813,852,913,1006,1182,1543,1971,2406,2781,3046,3250,3438,3581,3741,3933,4113,4269,4398,4655,5056,5582,7493,9023,10281,11275,12045,12615,13035,13313,0,0,0,0,0,28,72,113,150,203,257,303,188,142,118,84,207,3,0,0,0,0,10,17,87,20,14,14,20,5,0,0,4,6,13,23,17,40,71,134,700,0,0,0,0,1323,185,278,478,975,922,885,654,404,230,133,41,0,0,0,0,0,4,14,36,7,8,9,5,19,42,67,3936,0,0,0,0,111,44
30,15,0,0,0,5,23,26,40,51,52,46,43,45,81,151,281,684,851,840,699,493,379,292,213,296,336,325,287,227,168,144,146,248,1154,1581,1518,1295,958,675,451,481,4,0,0,7,27,36,47,59,70,74,68,66,68,67,65,141,0,0,0,0,1,16,29,142,35,32,30,34,17,11,6,11,19,31,41,45,55,66,124,776,0,0,0,0,1213,83,64,49,52,45,42,36,35,30,28,10,0,0,0,0,6,14,24,82,26,27,25,14,9,34,62,3984,0,0,0,0,61,25
21,12,0,0,0,0,16,21,33,40,33,32,28,35,87,210,382,1101,1037,770,505,321,240,175,161,391,373,284,194,126,93,112,121,363,2115,1997,1414,969,579,380,231,212,4,0,0,0,10,25,31,55,51,44,42,33,40,40,51,80,0,0,0,0,16,21,34,209,46,42,45,46,23,14,7,14,22,34,45,43,61,68,114,851,0,0,0,0,1153,74,65,48,44,36,38,23,19,16,15,8,0,0,0,0,6,20,29,140,50,39,31,13,5,32,56,4036,0,0,0,0,34,18
8,10,0,0,0,0,10,9,14,24,17,15,10,18,129,323,506,1802,900,441,234,122,96,111,141,602,310,162,101,55,61,101,111,578,3664,1754,871,483,236,137,72,75,0,0,0,0,6,23,29,49,22,23,22,17,25,24,33,44,0,0,0,0,13,31,36,276,59,61,68,51,31,21,8,21,27,59,116,152,197,138,144,923,0,0,0,0,1102,67,59,40,26,19,19,10,8,5,2,0,0,0,0,0,9,25,39,247,119,80,53,22,5,25,47,4076,0,0,0,0,9,4
0,0,0,0,0,0,0,0,0,4,0,0,0,0,215,481,636,1539,0,0,0,0,59,120,163,511,0,0,0,0,42,90,111,1075,3361,0,0,3,5,7,8,14,0,0,0,0,3,13,11,15,0,0,0,0,4,10,16,17,0,0,0,0,10,31,43,511,191,146,98,47,32,16,1,32,0,0,0,0,101,132,166,1027,0,0,0,3,1053,54,46,32,11,2,0,0,0,0,0,0,0,0,0,0,16,33,44,318,61,0,0,0,9,32,39,4118,0,0,0,0,0,0
0,0,0,0,0,0,0,0,0,0,0,0,0,0,413,699,716,1224,0,0,0,0,94,155,186,404,10,0,0,0,69,121,147,1954,2782,0,0,0,0,0,0,0,0,0,0,0,7,6,3,4,0,0,0,0,0,5,7,4,6,0,0,0,21,34,47,549,0,0,0,0,33,18,5,43,0,0,0,0,52,101,149,1111,0,0,0,0,1001,45,43,25,5,0,0,0,0,0,0,0,0,0,0,5,26,35,47,408,36,0,0,0,9,40,55,4161,0,0,0,0,0,0
0,0,0,0,0,0,0,0,0,0,0,0,0,0,847,944,779,870,0,0,0,0,186,211,202,274,5,0,0,0,120,156,147,3682,1821,0,0,0,0,0,0,0,0,0,0,3,12,18,23,26,0,0,0,0,11,11,14,16,28,0,0,0,18,40,54,593,0,0,0,36,59,26,10,59,0,0,0,0,39,76,121,1179,0,0,0,0,954,45,43,25,3,0,0,0,0,0,0,0,0,0,0,0,20,42,56,457,0,0,0,0,9,32,54,4202,0,0,0,0,0,0
0,0,0,0,0,0,0,0,0,0,0,534,987,1327,1615,984,627,447,0,0,143,260,345,225,191,153,0,0,0,123,215,160,133,3594,0,0,0,0,0,0,0,0,0,0,0,9,30,31,40,66,35,0,0,0,15,28,29,33,53,30,0,0,14,35,48,631,0,0,0,77,52,24,5,74,44,33,19,0,27,65,113,1247,655,671,691,721,908,37,30,22,0,0,0,0,0,0,0,0,0,5,8,10,25,36,49,498,0,11,9,8,9,25,55,4246,2109,1051,528,0,0,0
11,10,0,0,0,0,28,66,110,367,699,1074,854,666,535,389,279,228,189,243,298,206,143,114,110,92,93,134,180,233,153,111,103,3506,2588,2208,1692,1120,528,113,65,23,0,0,0,0,21,33,47,71,85,46,34,25,29,35,35,53,70,78,47,22,30,47,59,693,28,44,70,115,50,21,6,44,46,52,62,42,48,68,111,666,0,2,10,24,140,33,20,10,0,0,0,0,10,20,10,10,16,17,25,24,33,35,51,556,17,37,17,12,6,21,46,2180,2145,1629,1381,684,378,9
30,19,0,0,0,0,24,51,60,485,705,763,622,468,328,231,166,140,108,79,81,74,65,70,74,64,60,62,66,71,51,61,67,833,715,946,1128,1131,769,63,52,18,0,0,0,0,15,29,43,69,88,81,64,56,58,66,61,76,85,86,80,72,60,60,74,771,55,70,89,84,47,18,6,34,51,57,67,58,60,66,103,742,7,0,6,21,95,26,18,6,0,0,0,0,10,33,31,30,37,36,39,39,56,56,65,619,38,51,27,19,5,18,38,1143,1659,1634,1531,1114,961,29
26,11,0,0,0,9,37,45,53,902,902,685,433,283,200,148,98,81,52,42,47,35,32,51,46,43,41,43,41,37,28,44,40,428,515,755,1131,1481,1470,69,51,22,0,0,0,0,12,35,49,64,91,93,86,71,68,70,58,78,94,98,87,94,90,97,91,875,82,90,96,77,38,15,5,27,50,58,77,77,83,86,104,819,15,5,0,5,50,22,18,7,0,0,0,0,7,30,40,42,53,58,50,47,61,69,78,697,50,49,27,17,7,20,30,571,1113,1397,1471,1270,1623,48
27,15,0,0,0,6,17,35,45,1717,861,432,212,114,76,53,30,28,18,17,23,21,29,40,19,25,18,18,13,14,17,31,22,134,210,377,748,1466,2880,81,59,36,8,0,0,0,25,65,116,166,252,314,385,448,510,586,655,756,891,988,1087,1149,1197,672,390,1364,267,207,142,75,37,16,7,30,72,118,171,221,154,134,135,952,44,22,5,0,15,6,3,0,0,0,0,0,19,31,45,48,70,127,175,213,144,122,126,840,97,103,58,27,16,33,71,394,950,1659,2453,3120,4793,48
33,17,0,0,0,0,12,36,45,1685,0,0,0,0,0,4,0,0,0,0,0,4,8,6,0,0,0,0,0,0,0,6,0,11,7,3,0,0,2824,71,56,28,13,0,0,0,0,5,6,10,12,0,0,6,13,27,43,83,114,56,34,0,595,645,521,1655,0,0,0,0,51,23,13,0,0,0,0,119,143,139,146,1039,0,0,0,0,0,0,0,0,0,0,0,0,18,39,53,61,0,0,0,112,199,156,135,1043,110,51,0,0,0,0,0,4,0,0,0,0,4825,49
36,16,6,0,0,0,6,33,54,1642,0,0,0,0,0,0,0,0,0,0,0,0,0,0,0,0,0,0,0,0,0,0,0,0,0,0,0,0,2782,71,55,30,10,0,0,0,0,0,0,0,0,0,0,0,7,24,40,104,58,0,0,0,307,497,504,1940,0,0,0,0,79,27,20,3,0,0,0,65,123,146,152,1130,0,0,0,0,0,0,0,0,0,0,0,0,12,34,56,104,0,0,0,0,104,137,151,1134,0,0,0,0,0,0,0,0,0,0,0,0,4871,55
49,34,12,0,0,0,11,43,68,1593,0,0,0,0,0,0,0,0,0,0,0,0,0,0,0,0,0,0,0,0,0,0,0,0,0,0,0,0,2731,91,45,26,4,0,0,0,0,0,0,0,0,0,0,0,2,15,32,73,0,0,0,4,166,333,414,2162,0,0,0,0,105,33,18,4,0,0,0,35,88,130,155,1228,633,0,0,0,0,0,0,0,0,0,0,0,17,31,54,158,0,0,0,0,72,111,149,1233,0,0,0,0,0,0,0,0,0,0,0,0,4917,57
47,23,0,0,0,0,14,49,66,1540,303,165,0,0,0,0,0,0,0,0,0,0,0,6,7,8,11,0,0,0,0,0,0,0,0,0,0,0,2662,98,52,25,0,0,0,0,0,0,0,0,0,0,0,0,0,9,13,40,0,0,0,0,96,224,319,2334,0,0,0,0,140,43,25,9,0,0,0,23,62,106,137,676,973,484,0,0,0,0,0,0,0,0,0,4,21,34,52,199,0,0,3,15,55,86,125,1318,6,0,0,0,0,4,0,0,0,0,0,0,4958,65
45,17,0,0,0,0,22,54,84,1181,218,320,260,199,142,81,35,7,0,0,0,0,4,17,23,23,35,17,16,23,13,13,11,11,0,0,0,0,2608,113,74,29,0,0,0,0,8,10,8,16,22,10,12,13,5,0,4,26,0,0,0,0,65,164,262,2492,19,24,49,92,176,48,24,8,0,0,0,22,64,88,119,431,720,857,446,226,123,57,29,32,18,23,19,23,36,50,66,251,133,93,59,42,59,82,106,1393,9,0,0,0,6,24,17,187,326,650,1300,2547,5007,73
41,15,0,0,0,0,16,65,104,1012,86,98,98,96,91,60,31,10,0,0,0,0,6,19,30,41,53,39,40,38,38,35,37,40,0,0,0,4,2543,146,89,33,0,0,0,0,46,34,38,40,33,17,28,24,17,6,0,6,0,0,0,5,53,107,202,2642,60,73,97,121,132,53,24,13,0,0,0,0,42,74,99,272,507,681,566,438,300,200,128,95,72,53,40,39,52,70,79,163,146,121,104,71,72,94,115,1491,13,0,0,0,6,20,20,615,799,1329,1910,2550,2507,65
40,10,0,0,0,0,27,92,125,901,58,66,78,86,96,51,28,13,0,0,0,0,13,29,38,52,68,53,70,54,57,52,61,87,0,0,0,0,2431,211,125,42,0,0,0,0,84,47,52,47,45,37,50,39,27,22,5,0,0,0,0,0,35,73,143,2790,103,105,116,120,103,39,25,13,0,0,0,0,43,68,98,196,357,534,528,478,394,297,228,171,142,111,89,64,61,69,93,145,162,154,141,112,108,102,117,1561,0,0,0,0,23,38,34,1297,1243,1644,1945,1940,1256,64
48,10,0,0,0,0,36,105,128,781,33,36,54,71,133,44,28,15,0,0,0,7,27,56,93,138,207,251,325,367,410,258,166,202,0,0,0,0,2295,262,158,68,0,0,0,0,157,96,112,146,234,196,163,120,72,46,17,3,0,0,0,0,33,62,115,3654,785,726,592,472,281,131,70,25,0,0,0,0,24,54,88,152,262,417,711,963,1179,1335,1460,1552,1641,1715,1788,1828,1875,1925,1987,2074,2165,2265,1231,683,416,248,186,1667,0,0,0,0,15,41,46,5552,4206,3588,2749,1722,762,108
0,0,0,0,0,0,65,125,161,687,0,0,0,0,100,30,20,16,2,0,0,0,0,0,0,5,9,7,8,0,191,238,201,318,0,0,0,5,2164,332,247,107,0,0,0,0,239,134,163,214,129,0,0,0,0,0,0,0,0,0,0,3,31,54,99,3718,0,63,105,213,161,53,26,10,0,0,0,0,27,48,78,131,208,0,0,0,0,0,0,0,0,0,3,0,0,0,0,0,0,1124,1747,2096,2339,1315,762,2085,0,0,0,0,11,34,55,5599,0,0,0,10,8,6
0,0,0,0,0,0,104,168,204,584,0,0,0,0,71,19,10,6,0,0,0,0,0,0,0,0,0,0,0,0,99,170,198,442,0,0,0,0,1987,386,366,202,0,0,0,0,321,150,152,116,0,0,0,0,0,0,0,0,0,0,0,6,32,49,84,3789,0,0,0,110,229,47,28,10,0,0,0,0,19,51,78,114,281,0,0,0,0,0,0,0,0,0,0,0,0,0,0,0,0,0,0,0,1173,1234,999,2614,0,0,0,0,9,28,47,5638,0,0,0,0,0,0
0,0,0,0,0,0,185,222,210,462,0,0,0,0,38,6,0,12,2,0,0,0,0,0,0,0,0,0,0,0,67,123,174,539,0,0,0,0,1773,413,472,395,0,0,0,208,413,156,124,71,0,0,0,0,0,0,0,0,0,0,0,7,41,56,79,3850,0,0,0,0,193,45,25,9,0,0,0,0,10,40,73,100,347,0,0,0,0,0,0,0,0,0,0,0,0,0,0,0,0,0,0,0,622,911,974,3122,0,0,0,0,7,29,49,5676,0,0,0,0,0,0
0,0,0,0,162,282,365,256,185,344,7,0,0,0,20,0,2,40,13,0,0,0,0,0,0,0,0,0,4,0,41,93,150,640,0,0,0,0,1538,382,531,763,487,0,190,360,281,143,95,56,5,0,0,0,0,0,0,6,0,0,0,0,25,48,67,3910,0,0,0,0,157,45,25,8,0,0,0,0,15,40,68,97,415,204,111,0,0,0,0,6,0,0,0,0,0,7,8,0,0,7,0,0,340,610,771,3538,1796,891,451,234,130,99,81,5730,0,0,0,0,0,5
117,161,225,276,316,206,144,122,94,209,4,0,0,0,0,4,12,81,26,18,19,21,6,3,0,5,8,16,26,15,34,74,122,723,0,0,0,0,1318,203,293,525,958,915,877,634,409,232,118,48,0,0,0,0,0,8,15,44,12,9,11,7,17,39,61,3952,0,0,0,0,120,46,25,5,0,0,0,13,42,105,175,262,527,668,828,874,936,1026,1172,1577,2022,2437,2794,3066,3278,3444,3595,3758,3933,4118,4277,4394,4673,5098,5557,7457,8939,10182,11140,11937,12472,12889,13204,0,0,0,0,0,26,71
63,63,73,70,67,73,64,59,49,138,0,0,0,0,3,14,26,124,33,34,35,23,16,12,2,11,21,32,43,41,46,66,91,786,0,0,0,0,1205,99,65,66,59,45,44,52,38,28,16,7,0,0,0,0,2,16,22,91,28,24,22,11,10,32,54,3990,0,0,0,0,70,37,26,6,0,0,0,4,15,38,39,44,53,48,52,53,65,143,257,706,849,818,668,513,370,291,231,305,344,333,290,222,177,159,151,277,1170,1526,1495,1299,928,696,487,484,4,0,0,7,31,41
39,46,47,46,42,36,36,34,40,91,0,0,0,0,17,27,34,195,57,53,46,30,23,13,3,14,27,38,44,52,65,82,92,855,0,0,0,0,1139,69,60,47,46,37,31,27,27,24,14,2,0,0,0,0,3,16,24,146,42,35,31,15,8,35,58,4051,0,0,0,0,40,28,23,5,0,0,0,0,15,25,23,33,39,33,36,36,93,215,342,1087,1021,766,503,339,220,186,161,372,351,273,197,128,95,114,126,380,1999,1885,1458,994,617,415,243,221,3,0,0,0,16,28
25,46,27,30,17,10,16,21,32,52,0,0,0,0,13,35,35,266,74,61,46,36,27,18,5,19,37,75,122,160,207,163,134,934,0,0,0,0,1098,61,52,34,28,25,21,10,9,9,8,0,0,0,0,0,7,25,32,251,125,89,56,21,6,27,41,4092,0,0,0,0,11,11,15,10,0,0,0,0,10,11,13,31,23,17,16,19,115,293,459,1854,945,470,233,122,102,118,145,584,316,170,96,51,58,98,124,594,3614,1825,939,492,246,136,83,78,0,0,0,0,12,19
16,23,0,0,0,0,4,11,16,19,0,0,0,0,9,36,49,495,178,123,83,44,31,21,3,25,0,0,0,0,102,143,153,1039,0,0,0,5,1049,58,42,33,11,2,0,0,0,0,0,0,0,0,0,0,12,30,41,322,63,0,0,0,10,33,41,4139,0,0,0,0,0,0,0,0,0,0,0,0,0,0,0,7,0,0,0,0,196,445,590,1602,0,0,0,0,50,109,158,494,0,0,0,0,33,95,130,1013,3306,0,0,9,10,8,10,10,0,0,0,0,7,11
4,7,0,0,0,0,0,4,5,7,6,0,0,0,20,37,45,527,0,0,0,0,40,24,5,38,0,0,0,0,61,103,131,1111,0,0,0,0,988,56,36,22,8,0,0,0,0,0,0,0,0,0,0,5,25,35,52,413,37,0,0,0,10,31,45,4176,0,0,0,0,0,0,0,0,0,0,0,0,0,0,0,0,0,0,0,0,390,665,747,1298,0,0,0,0,89,157,193,398,0,0,0,0,60,126,155,1873,2799,0,0,0,0,0,0,0,0,0,0,0,4,4
19,26,0,0,0,0,12,17,17,23,34,0,0,0,13,40,55,572,0,0,0,40,65,24,7,52,0,0,0,0,53,89,127,1193,0,0,0,0,944,51,33,16,7,0,0,0,0,0,0,0,0,0,0,0,18,33,51,465,0,0,0,0,11,33,53,4222,0,0,0,0,0,0,0,0,0,0,0,0,0,0,0,0,0,0,0,0,802,942,821,891,0,0,0,0,175,213,198,273,1,0,0,0,105,172,170,3637,1856,0,0,0,0,0,0,0,0,0,0,6,13,18
30,56,30,0,0,0,9,20,28,33,61,40,0,0,13,40,53,610,0,0,0,84,53,24,6,67,43,29,21,0,34,73,106,1265,651,670,685,714,901,50,28,9,0,0,0,0,0,0,0,0,0,1,3,5,19,32,43,495,0,9,10,7,8,25,51,4262,2148,1138,579,0,0,0,0,0,0,0,0,0,0,0,0,0,0,533,979,1336,1600,1013,646,459,0,0,157,249,334,220,165,150,0,0,0,135,227,201,153,3541,0,0,0,0,0,0,0,0,0,0,0,6,25,27
42,55,80,43,32,17,29,32,43,52,56,81,41,26,29,43,63,678,34,52,72,116,48,23,6,40,47,49,64,40,51,80,94,678,0,2,9,24,137,52,25,8,0,0,0,0,10,19,11,9,21,25,26,27,35,42,57,554,22,37,24,14,4,14,44,2154,2106,1604,1416,725,380,8,10,10,0,0,0,0,21,61,104,381,756,1085,857,659,494,382,278,223,175,234,294,175,138,104,105,103,114,160,198,241,150,116,91,3445,2520,2111,1672,1072,525,120,74,22,0,0,0,0,19,38
51,57,83,68,62,43,55,56,62,69,73,93,74,60,53,61,73,762,61,79,90,86,50,17,3,33,45,54,62,52,57,79,96,751,7,0,2,15,82,39,20,7,0,0,0,0,11,31,32,25,31,36,46,44,40,52,68,624,44,43,27,16,4,14,31,1097,1641,1601,1513,1148,981,23,29,20,0,0,0,0,17,47,63,506,702,677,604,456,331,247,181,149,114,89,74,53,64,69,77,73,79,64,53,62,60,64,61,853,775,939,1156,1131,776,62,52,21,0,0,0,0,9,38
57,67,91,96,93,75,75,75,75,90,88,105,99,95,82,75,90,869,90,107,99,75,44,17,4,28,47,59,76,73,85,95,106,828,21,8,0,7,41,25,16,4,0,0,0,0,8,30,48,40,50,45,51,66,63,62,80,724,55,46,35,21,6,22,38,567,1141,1385,1470,1315,1676,47,36,13,0,0,0,9,36,53,64,925,904,647,452,278,192,149,102,80,57,48,42,46,59,58,55,58,52,32,28,37,33,40,38,420,491,744,1097,1450,1473,67,50,26,0,0,0,0,7,42
112,173,248,309,367,427,486,570,640,755,881,983,1082,1142,1200,651,381,1360,259,197,127,61,34,17,6,30,74,118,169,215,165,132,128,967,52,24,7,0,10,7,6,0,0,0,0,0,19,27,55,51,69,114,154,203,149,117,101,832,85,102,63,29,15,27,72,368,943,1631,2396,3078,4810,50,32,8,0,0,0,8,21,36,55,1711,834,409,233,118,78,65,35,34,20,14,17,23,22,31,23,26,14,12,16,15,15,28,20,141,198,366,715,1410,2838,71,55,41,10,0,0,0,20,62
7,8,9,0,0,7,15,32,40,90,108,49,25,0,601,648,525,1629,0,0,0,0,47,24,7,0,0,0,0,107,148,163,162,1064,0,0,0,0,0,0,0,0,0,0,0,0,18,29,55,70,0,0,0,103,191,168,146,1047,114,56,0,0,0,0,0,3,0,0,0,0,4854,45,26,8,0,0,0,0,18,37,57,1668,0,0,0,0,0,8,0,0,0,0,0,3,8,11,0,0,0,0,0,0,0,6,0,9,10,8,0,0,2787,68,42,30,10,0,0,0,0,5
0,0,0,0,0,0,10,24,40,105,51,0,0,0,300,465,515,1909,0,0,0,0,73,26,17,1,0,0,0,61,103,134,150,1161,0,0,0,0,0,0,0,0,0,0,0,0,17,36,53,119,0,0,0,0,95,148,153,1137,0,0,0,0,0,0,0,0,0,0,0,0,4884,39,29,15,7,0,0,0,14,32,61,1624,0,0,0,0,0,0,0,0,0,0,0,0,0,0,0,0,0,0,0,0,0,0,0,0,0,0,0,0,2740,67,43,30,9,0,0,0,0,0
0,0,0,0,0,0,3,12,22,67,0,0,0,4,171,324,436,2161,0,0,0,0,102,39,24,5,0,0,0,39,88,127,135,1245,661,0,0,0,0,0,0,0,0,0,0,0,16,42,51,170,0,0,0,0,56,106,147,1234,0,0,0,0,0,0,0,0,0,0,0,0,4939,56,44,32,11,0,0,0,13,32,53,1575,0,0,0,0,0,0,0,0,0,0,0,0,0,0,0,0,0,0,0,0,0,0,0,0,0,0,0,0,2699,61,35,22,7,0,0,0,0,0
0,0,0,0,0,1,0,6,17,46,0,0,0,0,93,211,322,2326,0,0,0,0,133,46,29,7,0,0,0,22,64,112,139,666,1020,534,0,0,0,0,0,0,0,0,0,5,15,39,49,205,0,0,3,10,49,86,119,1321,6,0,0,0,0,5,0,0,0,0,0,0,4981,55,40,19,0,0,0,0,15,40,71,1542,294,151,0,0,0,0,0,0,0,0,0,0,0,5,8,9,15,0,0,0,0,0,0,0,0,0,0,0,2655,84,42,25,0,0,0,0,0,0
15,19,18,12,14,16,5,0,7,23,0,0,0,0,64,135,238,2478,20,29,45,84,176,55,29,3,0,0,0,18,65,87,131,391,694,928,494,259,137,73,48,40,25,26,22,27,31,46,65,252,120,79,50,44,54,80,110,1393,7,0,0,0,5,22,15,177,334,658,1231,2515,5024,57,41,16,0,0,0,0,21,53,83,1182,230,318,264,198,138,85,46,12,0,0,0,0,5,16,26,23,35,22,18,24,22,18,14,12,0,0,0,0,2590,107,46,20,0,0,0,0,8,13
31,36,36,41,33,27,16,4,0,6,0,0,0,1,53,116,191,2608,51,66,81,115,136,54,28,7,0,0,0,0,42,67,117,267,458,692,601,442,307,185,119,85,62,45,46,45,54,57,65,177,158,128,94,81,82,92,114,1487,13,0,0,0,8,25,33,615,828,1267,1871,2574,2548,59,35,11,0,0,0,0,19,61,103,1016,87,88,102,91,80,43,33,14,0,0,0,0,6,12,28,45,53,44,36,37,33,39,33,45,0,0,0,4,2519,137,79,31,0,0,0,0,39,30
59,65,59,49,36,35,23,16,4,0,0,0,0,0,31,77,157,2753,84,95,111,127,109,44,21,8,0,0,0,0,38,62,95,183,315,508,561,505,453,329,247,175,138,90,82,81,90,90,81,132,154,159,137,120,96,98,111,1565,0,0,0,0,20,25,35,1304,1250,1624,1945,1971,1314,64,32,13,0,0,0,0,33,82,114,897,56,63,86,84,89,39,29,14,0,0,0,0,19,28,30,42,65,63,55,59,56,67,63,95,0,0,0,0,2420,185,106,41,0,0,0,0,90,61
116,152,219,178,144,113,68,44,20,4,0,0,0,0,27,60,118,3632,800,741,607,465,280,133,64,24,0,0,0,0,23,52,93,148,242,395,690,929,1177,1348,1492,1590,1680,1743,1803,1846,1906,1975,2041,2124,2210,2300,1231,695,413,282,184,1671,0,0,0,0,19,33,42,5554,4205,3588,2750,1780,769,100,46,11,0,0,0,0,45,97,132,799,28,32,58,79,133,29,21,14,0,0,0,4,26,60,95,134,196,258,320,361,398,247,172,205,0,0,0,0,2295,241,152,68,0,0,0,0,170,96
170,202,119,0,0,0,0,0,0,0,0,0,0,4,31,49,96,3692,0,65,122,217,157,52,28,12,0,0,0,0,31,46,78,125,213,0,0,0,0,0,0,0,0,0,3,0,0,0,0,0,0,1150,1781,2141,2352,1327,761,2077,0,0,0,0,15,30,49,5589,0,0,0,7,7,3,0,0,0,0,0,0,65,119,160,689,0,0,0,0,105,30,21,16,2,0,0,0,0,0,0,8,9,11,8,0,195,218,198,321,0,0,0,2,2161,334,214,103,0,0,0,0,263,141
146,102,0,0,0,0,0,0,0,0,0,0,0,4,28,54,88,3763,0,0,0,115,234,47,30,11,0,0,0,0,25,50,78,99,278,0,0,0,0,0,0,0,0,0,0,0,0,0,0,0,0,0,0,0,1196,1297,1037,2615,0,0,0,0,15,30,55,5629,0,0,0,0,0,0,0,0,0,0,0,0,94,172,197,586,0,0,0,0,72,20,12,3,0,0,0,0,0,0,0,0,0,0,0,0,105,180,198,447,0,0,0,0,1950,430,336,185,0,0,0,0,340,144
114,56,0,0,0,0,0,0,0,0,0,0,0,7,33,54,85,3823,0,0,0,0,194,45,39,15,0,0,0,0,16,32,64,90,335,0,0,0,0,0,0,0,0,0,0,0,0,0,0,0,0,0,0,0,593,954,997,3154,0,0,0,0,13,31,57,5667,0,0,0,0,0,0,0,0,0,0,0,0,198,237,213,465,0,0,0,0,32,4,0,14,5,0,0,0,0,0,0,0,0,0,0,0,57,126,171,554,0,0,0,0,1717,449,485,377,0,0,0,231,430,147
90,47,5,0,0,0,0,0,0,7,0,0,0,0,21,41,69,3884,0,0,0,0,153,30,30,13,0,0,0,0,23,40,66,96,394,197,109,0,0,0,0,4,0,0,0,0,0,4,9,0,0,5,0,0,304,635,806,3559,1815,908,472,243,132,81,89,5731,0,0,0,0,0,8,0,0,0,0,171,281,365,236,178,336,7,0,0,0,15,0,2,40,15,0,0,0,0,0,0,0,0,0,6,0,35,86,130,652,0,0,0,0,1491,370,545,746,488,0,198,389,278,122
121,43,0,0,0,0,0,3,11,42,12,14,11,7,16,35,62,3927,0,0,0,0,120,34,26,12,0,0,0,10,52,112,180,275,523,659,824,865,916,1005,1149,1505,1965,2422,2766,3005,3251,3388,3548,3729,3921,4118,4265,4397,4674,5077,5590,7494,9025,10248,11262,12034,12601,13023,13292,0,0,0,0,0,23,69,108,158,212,260,309,186,133,113,103,210,7,0,0,0,0,9,16,85,30,15,14,16,9,6,0,1,6,10,26,17,40,72,103,718,0,0,0,0,1289,200,308,500,951,910,874,631,387,216
21,9,0,0,0,0,7,14,25,86,24,26,21,14,11,27,55,3967,0,0,0,0,71,31,28,12,0,0,0,5,25,40,35,47,48,50,53,47,69,153,248,679,880,824,674,514,408,278,264,327,356,326,283,222,183,157,156,259,1168,1570,1516,1253,940,689,454,468,9,0,0,4,24,34,54,65,64,65,63,65,60,66,64,132,0,0,0,0,2,15,24,135,38,31,30,31,24,11,3,10,19,28,37,32,52,67,96,785,0,0,0,0,1167,90,79,62,54,49,42,43,35,29
12,4,0,0,0,0,8,18,30,141,52,45,30,15,7,29,50,4016,0,0,0,0,40,23,18,10,0,0,0,0,15,20,23,37,28,35,35,32,78,208,348,1103,1016,760,508,319,214,173,186,399,381,283,213,145,125,112,110,378,2015,1956,1445,967,601,379,219,189,3,0,0,0,19,32,40,55,51,49,48,43,39,48,48,84,0,0,0,0,17,28,38,199,45,41,41,43,31,14,4,15,23,40,59,51,63,69,99,852,0,0,0,0,1105,80,61,48,36,33,36,30,25,18
6,0,0,0,0,0,8,20,40,247,129,84,48,22,4,31,55,4055,0,0,0,0,7,10,10,10,0,0,0,0,10,10,16,27,20,22,16,20,109,318,460,1818,919,487,240,128,96,119,170,606,315,169,107,60,54,79,111,617,3634,1842,887,429,234,134,81,72,0,0,0,0,13,16,27,51,28,32,25,21,28,30,29,48,0,0,0,0,14,36,45,264,47,59,60,50,33,15,6,19,34,63,119,163,215,123,120,938,0,0,0,0,1052,78,60,42,23,16,14,11,9,9
0,0,0,0,0,0,11,20,37,320,66,0,0,0,7,25,51,4101,0,0,0,0,0,0,0,0,0,0,0,0,0,0,0,4,0,0,0,0,201,482,607,1573,0,0,0,0,70,121,187,509,0,0,0,0,36,84,130,1023,3320,0,0,5,8,8,12,10,0,0,0,0,8,12,19,23,0,0,0,0,3,8,17,22,0,0,0,0,9,38,56,515,193,155,100,52,34,13,3,23,0,0,0,0,131,139,128,1029,0,0,0,7,997,57,53,39,13,4,0,0,0,0
0,0,0,0,0,7,30,43,40,410,42,0,0,0,9,30,54,4141,0,0,0,0,0,0,0,0,0,0,0,0,0,0,0,0,0,0,0,0,409,676,714,1241,0,0,0,0,112,159,219,405,9,0,0,0,61,128,146,1939,2827,0,0,0,0,0,0,0,0,0,0,0,7,5,2,5,0,0,0,0,0,4,7,5,4,0,0,0,18,40,46,552,0,0,0,0,34,15,6,41,0,0,0,0,77,119,133,1110,0,0,0,0,943,45,41,23,3,0,0,0,0,0
