50,94,103,121,148,174,242,324,350,381,454,639,0,0,0,0,0,0,0,0,6,6,6,0,18,12,0,0,0,0,0,0,0,0,0,0,0,0,0,6,0,0,377,527,528,521,462,460,431,372,364,333,278,252,226,206,223,214,214,225,227,240,1676,64,58,47,41,94,80,39,28,34,31,32,33,19,10,7,0,0,4,6,19,20,29,2556,323,272,242,232,242,241,250,255,302,287,274,249,251,252,219,160,122,61,43,23,19,17,11,5,0,0,0,0,0,0,12,854,231,233,199,109,0,0,0,0,0,0,0,0,0,0,0,0,0,0,6,27
0,0,2,8,12,16,27,30,42,51,129,172,0,0,0,0,0,0,0,0,6,16,20,7,33,0,0,0,0,0,0,0,0,0,0,0,0,0,0,0,158,420,717,618,526,474,439,417,361,334,341,293,243,216,204,189,205,211,214,221,218,216,1520,74,52,25,0,41,88,35,23,15,14,20,33,11,4,0,0,8,16,14,25,26,33,2744,292,272,260,257,279,301,332,392,506,683,546,398,266,225,180,135,101,60,46,33,23,6,0,0,3,0,0,0,0,3,17,997,223,186,123,53,0,0,9,5,7,5,6,0,0,0,0,0,0,0,0,0
0,0,3,0,5,9,17,21,30,29,189,98,0,0,0,0,0,0,0,0,2,17,30,19,50,22,0,0,0,4,0,0,0,0,0,0,0,0,0,0,303,499,536,510,448,439,391,342,306,286,299,253,218,198,194,200,213,210,201,194,198,200,1354,74,74,47,0,0,63,36,20,8,0,0,22,7,0,0,7,12,26,24,34,33,30,2916,277,275,268,290,345,353,376,419,442,353,0,0,0,197,158,115,85,57,44,34,10,0,0,4,13,0,0,0,0,0,0,1104,183,140,77,45,19,23,30,15,18,10,7,0,0,0,0,0,0,0,0,0
0,5,19,0,0,5,13,18,24,24,171,0,0,0,0,0,0,0,0,0,14,52,131,308,437,500,546,552,558,301,8,0,0,0,0,0,0,0,0,0,597,664,568,500,397,364,298,255,262,260,257,198,163,161,161,183,183,178,166,175,186,190,1205,73,76,86,33,0,33,25,16,9,0,0,9,0,0,2,10,13,35,34,38,42,39,3101,275,281,299,343,381,368,374,370,329,190,36,59,123,274,129,114,83,52,38,19,0,0,0,6,31,32,45,80,161,316,613,1187,142,119,76,55,24,24,28,19,19,15,10,0,0,0,0,0,0,0,0,0
4,16,51,1,1,0,3,10,14,21,147,25,0,0,0,0,0,0,0,0,17,45,90,321,170,87,34,0,280,606,7,0,222,434,596,713,799,891,981,1075,1203,741,511,387,324,307,270,239,293,270,224,167,133,144,136,165,150,159,166,188,186,185,1054,70,68,85,78,47,37,30,21,13,2,0,0,0,8,10,20,0,21,53,51,57,51,3287,297,332,359,376,377,353,335,319,254,147,98,134,184,226,125,109,62,45,29,16,0,0,0,0,37,181,137,193,304,447,625,636,123,108,63,42,29,44,37,26,26,26,14,3,0,0,0,0,0,0,0,0
0,0,64,3,12,3,0,6,9,16,94,44,25,7,0,0,0,0,0,1,34,61,106,271,0,36,0,0,0,612,0,0,416,393,295,226,174,163,162,192,238,260,254,248,277,247,236,208,276,231,176,130,111,135,137,170,151,172,163,173,164,160,921,53,43,51,49,48,35,22,15,6,0,0,0,9,17,18,37,0,0,34,53,59,59,3480,334,361,384,386,363,328,313,287,242,194,205,152,180,169,96,86,65,79,47,27,8,0,0,0,43,187,0,308,421,537,552,378,125,90,58,49,48,53,39,36,34,29,19,11,10,7,6,0,4,0,0,0
0,49,73,2,26,8,3,0,0,6,51,16,15,8,0,0,0,0,0,0,55,91,118,212,0,42,0,0,0,692,727,752,769,370,202,133,97,122,159,210,228,258,231,229,238,199,195,172,347,192,95,69,98,137,162,166,154,167,152,153,139,142,808,48,36,28,29,35,29,24,13,1,0,0,0,6,17,27,64,33,14,27,45,56,71,3695,363,389,380,369,345,320,303,257,204,140,95,0,170,142,102,87,63,48,0,0,0,0,12,26,49,193,0,510,446,480,380,236,117,91,68,73,68,61,54,46,45,39,38,37,26,13,9,9,14,2,0,0
43,75,35,5,39,14,8,4,0,3,31,8,5,0,0,5,7,9,0,0,104,118,110,152,0,48,59,75,91,114,46,23,13,12,26,42,78,143,190,220,238,262,228,244,229,210,190,170,251,0,0,60,120,138,146,142,142,143,129,131,133,130,705,50,38,33,20,25,19,12,8,0,0,3,6,13,17,25,54,60,38,34,48,54,71,3934,402,420,390,361,317,288,259,209,152,91,48,0,225,122,87,73,57,30,0,0,0,0,42,36,29,417,385,752,443,379,283,178,106,90,70,89,70,66,64,59,60,51,35,19,0,0,23,24,20,7,0,0
132,77,33,6,57,22,12,10,2,0,13,8,1,4,16,36,59,114,150,180,208,126,86,89,0,0,3,13,9,11,0,0,0,3,25,61,118,176,211,236,257,237,223,204,172,177,156,158,150,0,0,116,146,136,144,147,126,116,107,122,124,116,606,42,31,34,16,14,13,5,0,0,5,7,9,19,19,30,47,60,64,51,61,73,74,4214,431,394,348,322,296,269,227,174,146,113,110,163,311,127,77,74,54,53,67,133,121,115,109,43,19,656,450,561,381,316,235,145,101,99,92,96,72,66,67,62,50,38,21,12,0,0,42,35,39,43,75,138
0,0,0,0,75,29,16,17,12,6,1,2,0,0,6,10,16,54,48,39,31,25,23,28,0,0,0,3,0,0,0,0,0,0,38,93,153,211,251,262,256,218,209,176,155,152,132,126,114,121,168,210,154,137,142,126,105,104,107,120,112,111,516,32,19,20,10,8,10,0,0,6,11,17,19,28,24,30,47,85,127,163,196,140,103,4468,386,358,324,293,257,231,192,159,142,125,153,198,204,93,80,82,71,78,79,72,0,0,6,0,0,906,463,456,324,253,185,131,108,110,93,85,76,72,78,68,56,40,29,23,18,43,72,65,60,63,85,72
0,0,0,73,104,36,27,28,16,9,10,13,6,0,0,3,15,79,40,24,15,11,7,5,0,0,0,0,0,0,0,0,0,0,61,125,188,257,290,248,215,188,172,144,129,124,113,97,99,90,69,78,112,108,103,92,89,94,94,102,90,94,429,30,23,15,5,0,0,0,7,21,20,26,31,32,39,39,0,0,0,0,103,190,164,4772,377,341,300,274,240,215,181,159,154,158,176,189,145,93,87,90,80,82,74,41,0,0,0,0,4,1117,412,363,265,207,157,133,116,104,97,93,93,93,92,66,49,36,38,39,53,82,92,98,83,108,71,35
10,12,6,212,127,84,59,33,28,27,25,20,11,5,0,0,8,62,0,0,0,0,0,0,0,0,0,0,0,0,0,0,0,0,105,199,275,304,273,207,192,161,133,110,101,93,83,71,78,66,63,78,88,68,80,83,82,78,82,77,76,83,356,24,19,11,2,0,0,6,0,15,19,30,45,40,40,69,0,0,0,0,0,89,136,5013,313,296,272,250,235,206,186,178,179,170,184,167,120,98,98,92,83,86,51,22,3,0,0,4,16,1490,659,436,244,192,160,131,133,110,104,94,102,93,79,58,60,57,60,62,71,84,79,87,69,60,0,26
16,8,0,218,0,0,0,0,34,29,30,25,17,10,7,0,0,51,0,0,0,0,0,0,0,0,0,0,0,0,0,0,0,0,215,303,339,283,232,162,122,103,91,68,83,68,66,70,65,53,51,76,85,81,92,77,63,63,61,52,68,72,293,16,12,8,0,0,6,14,0,13,28,30,45,51,56,97,0,0,0,0,0,42,91,5206,296,307,289,254,234,202,190,184,193,186,193,152,120,115,113,97,92,74,36,16,7,0,0,0,0,1822,320,0,0,158,151,136,134,94,108,109,109,96,84,71,74,69,72,83,91,97,82,83,57,35,0,44
17,9,0,231,9,14,22,33,59,34,36,24,19,11,11,5,0,42,36,30,18,12,6,0,0,0,0,0,0,0,0,0,0,0,400,389,322,222,169,118,95,89,59,56,68,48,46,44,39,44,54,73,76,72,73,57,50,49,46,59,71,66,242,10,7,0,0,5,14,32,0,0,19,30,49,61,76,139,72,0,0,0,0,23,78,5439,323,318,278,246,232,201,200,209,202,169,161,125,120,119,99,90,75,58,31,21,13,3,0,0,0,1828,0,0,0,248,164,151,141,125,137,114,111,104,98,89,81,81,94,103,105,103,94,87,59,36,38,60
19,8,143,249,27,38,39,47,51,45,44,33,32,26,20,13,11,5,4,8,4,4,0,0,0,0,0,0,0,0,0,0,0,0,823,429,237,133,79,57,44,38,30,46,46,36,35,38,38,44,49,61,74,61,49,35,32,33,42,51,49,49,193,5,0,0,8,14,18,48,0,0,10,27,35,56,76,113,137,0,0,0,0,0,45,5622,303,313,270,243,206,194,211,205,179,166,158,141,126,111,94,86,70,53,31,21,14,5,0,528,982,1863,50,87,172,328,161,152,136,131,129,108,122,119,111,98,81,93,117,108,115,109,98,82,64,53,48,43
21,8,223,141,53,51,54,61,58,61,50,44,44,30,22,22,22,16,17,19,9,11,5,0,0,0,0,0,0,0,0,0,0,183,817,0,0,0,11,19,22,24,33,37,34,22,22,24,26,33,40,55,71,32,19,16,20,28,35,38,40,45,150,3,6,20,43,69,100,168,181,195,218,255,285,333,395,473,636,642,648,0,0,0,23,5786,306,297,248,220,215,207,213,197,188,171,154,136,117,113,103,88,66,52,35,26,14,5,514,1018,950,938,97,153,199,253,174,151,139,144,129,114,119,109,103,103,99,122,137,112,112,106,87,64,53,49,49,38
29,3,286,116,68,67,73,69,91,107,126,201,338,305,286,240,209,177,146,99,67,49,24,9,0,12,18,11,0,0,0,0,0,364,622,62,56,0,5,11,23,34,28,19,12,4,9,11,17,27,30,59,36,0,0,6,15,20,25,35,39,33,113,4,6,13,19,18,15,11,12,13,14,12,14,17,17,10,8,0,2170,2176,2182,2678,3226,0,2447,2204,1994,1831,1681,1491,1351,1186,1032,879,752,624,521,425,344,259,197,146,95,56,23,8,948,879,741,535,145,197,210,242,162,154,157,141,139,136,139,167,188,252,411,737,668,588,530,447,368,310,255,174,115,64
0,0,350,98,78,87,91,106,151,161,209,283,169,0,20,18,21,29,53,24,6,7,0,0,0,0,13,29,0,0,0,0,6,719,361,0,50,0,2,10,22,13,0,0,0,0,0,5,13,19,21,38,0,0,0,3,11,13,22,24,21,19,83,3,9,9,8,4,2,3,4,3,3,3,5,4,3,1,2,0,1510,0,0,960,996,3392,125,108,94,71,95,84,81,70,71,72,70,56,54,44,37,30,19,17,14,9,0,0,1312,747,577,369,176,230,217,210,165,180,170,147,174,170,203,238,265,334,420,382,0,0,14,17,20,32,68,33,21,8
0,10,434,114,119,132,157,202,271,335,254,141,0,0,0,0,0,0,30,42,4,0,6,0,0,0,7,42,0,0,0,4,14,701,0,0,44,0,0,4,9,0,0,0,0,0,0,0,5,13,12,19,0,0,0,0,15,13,13,12,9,11,58,4,3,0,4,139,362,604,869,1128,1374,1622,1851,2049,2240,2436,2610,2772,2948,1594,1749,1904,1096,2849,110,118,115,84,76,69,78,64,60,59,63,47,42,36,28,20,12,11,6,0,0,9,1625,619,433,286,199,231,198,199,180,181,167,166,196,213,239,254,313,340,328,198,0,0,0,0,0,0,44,29,17,5
0,11,526,133,154,165,183,208,211,157,0,0,0,0,0,0,0,0,0,28,0,0,15,0,0,0,12,66,47,29,0,0,2,681,306,3,38,1,0,0,0,0,0,0,0,0,0,0,0,4,2,5,0,0,0,0,6,0,0,0,0,4,35,0,0,0,0,270,430,450,502,486,465,452,422,377,375,364,335,329,336,300,299,269,263,2203,87,89,97,93,88,76,78,60,60,54,49,48,41,34,35,20,12,6,0,0,4,13,1889,490,351,262,215,230,208,198,193,223,208,230,245,265,279,294,326,279,218,104,8,0,0,0,0,0,22,38,11,4
0,8,624,175,201,265,410,310,196,85,0,0,0,0,0,0,0,0,1,18,0,9,30,16,0,0,0,25,38,57,30,0,0,359,656,3,19,0,0,0,0,0,0,0,0,0,0,0,0,0,0,0,0,0,0,0,0,0,0,0,0,0,20,2,16,125,321,564,544,470,525,469,452,417,384,368,357,326,319,321,308,274,273,237,248,2018,75,70,86,80,77,67,72,55,58,58,40,40,30,25,25,11,5,0,0,4,8,15,2099,402,309,248,230,237,209,214,224,228,204,230,228,268,277,275,267,205,137,63,10,0,0,0,0,0,0,26,7,3
0,8,746,217,230,265,227,0,0,0,0,0,0,0,0,0,0,0,0,5,0,6,25,36,21,0,0,20,30,51,67,0,0,0,647,5,5,0,0,0,0,0,0,0,0,0,0,0,0,0,0,0,0,0,0,0,0,0,0,0,0,0,12,0,4,194,375,433,445,463,495,433,413,391,375,357,322,320,298,280,254,245,224,238,253,1859,72,47,64,73,70,65,56,43,43,44,40,33,16,18,17,5,0,0,7,16,15,23,2277,362,298,247,242,240,228,270,262,260,253,274,292,316,272,243,214,158,94,48,11,0,0,0,0,0,0,13,3,0
0,13,877,217,207,194,112,0,0,0,0,0,0,0,0,0,0,0,0,0,0,7,30,57,93,104,120,148,184,229,329,350,381,446,638,0,0,0,0,0,0,0,0,6,5,5,0,18,12,0,0,0,0,0,0,0,0,0,0,0,0,0,6,0,0,373,514,495,505,519,446,404,368,348,322,308,286,276,254,243,228,221,202,242,222,1675,86,45,34,52,79,66,39,34,32,30,40,37,16,10,10,0,0,6,6,22,27,31,2460,335,288,253,264,254,252,262,233,245,258,271,277,266,224,217,185,120,76,40,13,10,16,10,4,0,0,0,0,0
2,14,1002,208,186,135,62,0,0,5,4,7,3,6,0,0,0,0,0,0,0,0,0,0,0,3,7,12,23,28,36,28,37,120,179,0,0,0,0,0,0,0,0,7,14,25,19,37,0,0,0,0,0,0,0,0,0,0,0,0,0,0,0,152,419,696,582,510,491,445,365,349,348,318,301,280,266,238,212,201,210,203,203,221,190,1505,91,55,21,0,41,82,30,26,21,8,19,34,11,4,0,0,10,16,17,23,32,40,2673,347,314,265,273,293,307,322,350,458,698,554,409,252,222,198,151,98,72,41,26,31,14,0,0,4,0,0,0,0
0,0,1109,190,143,93,56,17,18,24,19,15,10,9,0,0,0,0,0,0,0,0,0,0,0,3,0,5,12,13,19,18,39,202,106,0,0,0,0,0,0,0,0,5,9,21,27,56,26,0,0,0,3,0,0,0,0,0,0,0,0,0,0,304,492,540,530,490,445,375,309,309,301,277,287,241,210,190,190,201,193,193,196,193,189,1360,96,74,43,0,0,58,32,16,12,0,0,21,5,0,0,2,14,18,22,33,38,46,2865,305,293,267,305,324,320,338,393,431,380,0,0,0,216,173,126,83,64,34,37,18,0,0,4,15,0,0,0,0
302,618,1190,155,118,78,49,26,27,28,26,21,17,11,0,0,0,0,0,0,0,0,0,0,6,21,0,0,2,4,15,19,35,169,0,0,0,0,0,0,0,0,0,26,69,128,302,430,504,550,556,562,279,9,0,0,0,0,0,0,0,0,0,614,687,623,506,408,368,296,262,310,294,272,229,180,163,169,160,170,172,179,172,172,177,1199,82,86,85,47,0,30,30,20,14,0,0,10,0,0,8,12,18,36,26,39,48,51,3064,313,321,328,341,339,350,368,380,334,217,42,75,140,292,131,99,71,58,39,30,0,0,0,5,32,25,30,72,143
529,678,649,148,116,65,48,28,35,36,31,30,19,14,2,0,0,0,0,0,0,0,0,3,12,50,3,5,0,3,10,15,23,144,27,0,0,0,0,0,0,0,0,27,51,75,312,170,90,34,0,302,610,11,0,188,397,558,691,782,878,974,1082,1210,716,481,355,308,276,251,241,295,251,214,174,149,141,153,151,163,168,163,171,166,167,1074,63,67,65,82,48,36,28,14,15,3,0,0,0,5,11,17,0,25,44,45,55,57,3272,321,317,329,326,353,364,351,333,243,140,87,140,175,213,103,90,67,49,35,19,0,0,0,0,38,181,144,223,355
509,517,374,132,91,53,65,52,55,43,43,35,24,19,10,5,3,6,0,2,0,0,0,0,0,61,4,14,3,0,3,12,18,94,45,24,11,0,0,0,0,0,3,42,68,96,266,0,32,0,0,0,616,0,0,391,400,302,239,184,173,175,205,219,230,251,253,242,237,239,205,294,228,176,111,100,115,126,136,151,157,167,154,148,152,948,50,50,46,46,40,31,31,16,6,0,0,0,9,13,23,40,0,0,23,40,46,63,3461,299,324,360,369,369,344,323,268,203,180,221,161,172,175,116,102,85,88,59,30,11,0,0,0,44,187,0,333,446
470,404,241,103,79,61,64,56,53,46,45,33,38,35,42,29,18,17,12,14,4,0,0,0,44,73,5,28,10,1,0,4,8,51,22,10,10,0,0,0,0,0,0,55,89,106,207,0,38,0,0,0,680,722,746,764,390,214,152,118,125,155,196,228,257,244,243,232,225,194,183,354,176,95,68,111,129,141,149,161,160,157,142,157,155,835,39,36,34,29,24,19,18,14,3,0,0,0,8,15,25,62,28,21,28,47,50,68,3693,335,365,386,361,341,313,293,217,191,157,122,0,181,146,122,96,79,48,0,0,0,0,16,23,50,193,0,576,486
359,264,165,95,77,68,75,63,51,55,52,45,45,28,22,0,0,23,18,14,7,0,0,41,71,39,5,46,13,6,2,0,3,26,15,5,0,0,3,3,7,0,0,92,118,114,147,0,44,53,76,90,110,58,28,19,18,24,56,82,121,201,244,254,251,231,241,224,204,191,200,249,0,0,49,103,136,149,151,158,140,150,154,138,129,716,39,37,36,36,26,19,12,5,0,0,5,4,10,16,26,60,47,41,40,53,55,66,3927,356,376,387,341,318,282,253,184,162,127,66,0,252,127,117,77,58,24,0,0,0,0,42,34,33,401,417,820,446
273,195,140,90,80,74,85,67,61,68,57,48,44,33,19,0,0,52,28,36,56,76,138,132,79,37,7,68,20,17,10,5,0,8,8,2,6,20,42,63,110,143,173,202,139,86,79,0,0,2,15,4,8,0,0,0,3,24,68,113,183,240,235,248,248,218,200,172,156,154,146,129,0,0,107,142,158,139,134,146,127,141,126,105,114,619,35,26,24,17,14,12,6,0,0,3,13,14,20,25,25,50,53,52,48,55,55,60,4158,382,377,349,308,306,268,221,169,160,136,111,169,318,120,108,72,61,50,71,134,122,116,110,46,18,645,507,605,360
235,164,113,102,86,84,93,74,75,72,62,48,45,42,33,26,40,80,44,65,73,70,71,0,0,0,0,87,20,19,14,11,4,1,2,0,0,2,13,20,55,51,48,40,32,20,26,0,0,0,4,0,0,0,0,0,0,29,97,161,218,254,256,248,210,180,170,155,157,140,128,112,116,166,217,162,147,134,131,135,111,126,109,96,108,524,31,19,23,16,7,10,0,0,9,14,24,23,27,36,34,48,84,120,158,194,126,107,4410,379,356,325,317,301,258,205,181,169,162,162,201,218,110,96,66,57,53,70,69,0,0,4,0,0,931,541,475,310
171,127,125,128,104,101,101,97,83,69,65,55,54,53,44,46,69,96,85,94,107,63,40,0,0,0,60,116,32,32,25,18,13,8,7,5,0,0,9,12,73,37,25,13,9,6,7,0,0,0,0,0,0,0,0,0,0,57,151,213,269,282,245,202,175,150,143,127,129,103,104,97,96,91,90,92,95,98,102,93,91,85,83,90,91,439,33,19,13,5,0,0,0,2,12,14,23,29,35,35,38,0,0,0,0,107,171,147,4672,364,332,289,297,280,236,188,187,173,175,176,195,176,107,96,72,67,71,67,42,0,0,0,0,7,1160,432,337,257
160,141,144,128,111,109,105,93,74,71,76,69,64,68,72,73,89,94,80,76,57,0,32,10,12,6,221,149,81,60,35,24,24,20,17,15,7,0,0,5,60,0,0,0,0,0,0,0,0,0,0,0,0,0,0,0,0,95,230,293,297,243,212,180,154,136,133,102,94,83,84,75,68,79,75,89,92,96,97,84,81,73,84,87,95,365,22,13,11,3,0,0,8,0,12,21,27,30,46,54,79,0,0,0,0,0,89,126,4921,331,326,301,295,277,230,201,188,191,203,198,183,143,97,98,84,75,68,60,34,3,0,0,3,16,1486,628,401,215
160,137,125,125,123,107,100,89,87,89,83,74,72,79,97,87,96,83,72,61,30,0,48,15,8,0,227,0,0,0,0,23,30,25,22,21,12,5,0,0,50,0,0,0,0,0,0,0,0,0,0,0,0,0,0,0,0,198,323,315,263,202,173,128,112,111,84,73,75,74,65,59,60,77,65,77,76,72,78,70,58,70,72,74,71,285,20,9,6,0,0,6,20,0,9,29,34,38,52,57,121,0,0,0,0,0,55,97,5151,343,337,303,282,251,219,200,200,200,195,174,145,119,112,102,70,69,61,49,24,7,0,0,0,0,1834,336,0,0
254,143,152,143,118,103,109,103,98,106,107,103,103,112,117,86,96,90,84,67,38,29,62,17,7,0,238,6,11,15,32,51,41,35,31,26,15,12,7,0,42,36,30,18,12,6,0,0,0,0,0,0,0,0,0,0,0,408,415,324,221,154,118,89,79,65,60,63,50,56,51,46,52,58,52,68,63,55,60,51,46,59,60,66,66,235,15,7,0,0,6,13,38,0,0,19,30,31,47,50,154,76,0,0,0,0,26,90,5370,316,301,283,255,240,223,197,199,197,194,156,139,115,109,85,76,79,65,52,25,10,2,0,0,0,1840,0,0,0
328,141,140,119,121,110,117,103,107,120,108,93,110,114,104,91,96,88,64,56,50,53,55,24,7,130,263,29,29,39,50,49,48,42,30,26,17,16,9,3,5,6,1,1,2,0,0,0,0,0,0,0,0,0,0,0,0,820,418,225,116,68,45,41,41,38,44,37,34,37,33,32,50,49,56,71,58,54,52,44,41,50,49,51,52,184,10,0,0,5,12,18,53,0,0,14,31,35,51,59,113,140,0,0,0,0,0,46,5563,319,302,286,243,222,205,195,195,190,164,145,141,111,109,103,84,80,58,36,19,11,3,0,454,956,1866,40,72,154
256,145,136,141,137,118,133,118,133,126,123,115,128,119,108,102,94,80,68,68,59,49,35,19,4,222,162,46,59,62,59,61,61,51,40,42,34,36,27,20,22,17,11,14,14,6,0,0,0,0,0,0,0,0,0,0,165,814,0,0,0,9,22,27,38,35,33,24,26,27,29,32,35,27,51,73,40,28,19,24,31,37,38,43,42,139,7,9,28,44,67,99,170,183,201,223,264,293,334,388,467,639,645,651,0,0,0,24,5734,305,266,260,239,243,229,222,215,195,163,151,124,119,119,109,74,84,53,40,28,15,7,533,976,1025,979,100,149,226
208,170,169,160,151,136,155,153,179,192,271,415,723,649,580,519,451,378,321,255,178,111,59,27,5,275,113,68,65,64,74,83,86,119,189,340,310,285,233,210,181,152,108,77,50,21,6,0,12,18,12,0,0,0,0,0,345,637,60,54,0,5,14,24,38,22,16,11,10,10,12,22,25,29,70,40,0,0,5,20,20,29,27,35,30,105,7,8,11,10,13,13,10,12,14,10,10,7,14,15,14,14,0,2141,2147,2153,2646,3220,0,2515,2284,2083,1873,1676,1494,1339,1174,1024,877,757,633,532,429,343,258,203,132,95,55,26,7,934,850,801,551,148,207,234
197,182,164,155,152,154,195,202,238,269,357,413,374,0,0,6,17,23,33,60,37,28,9,0,0,337,112,88,81,97,104,118,144,216,285,177,0,19,13,20,23,44,33,13,9,4,0,0,0,12,29,0,0,0,0,8,718,379,0,48,0,3,8,23,15,0,0,0,0,0,4,13,14,18,42,0,0,0,4,15,15,21,20,25,18,76,9,8,6,6,6,4,3,3,2,3,4,2,2,3,4,2,0,1478,0,0,978,1046,3394,118,111,110,98,100,88,90,89,81,66,61,59,50,33,39,26,20,16,11,8,0,0,1321,775,602,381,193,225,212
207,182,169,167,167,197,234,253,277,307,350,310,189,0,0,0,0,0,0,35,29,20,8,0,10,417,132,118,122,145,180,234,359,276,148,0,0,0,0,0,0,17,36,7,0,6,0,0,0,7,41,0,0,0,1,12,698,0,0,42,0,0,3,11,0,0,0,0,0,0,0,7,7,14,19,0,0,0,0,14,10,7,10,6,7,49,5,2,0,4,153,364,602,870,1118,1379,1603,1843,2074,2290,2462,2629,2795,2947,1635,1789,1931,1102,2829,118,106,107,84,81,77,73,70,75,64,53,47,46,33,33,24,12,10,3,0,0,9,1654,619,448,294,209,211,212
200,184,174,183,195,233,260,276,274,295,266,209,103,11,0,0,0,0,0,16,34,12,2,0,8,515,148,149,168,176,205,204,189,0,0,0,0,0,0,0,0,0,26,0,0,14,0,0,0,13,66,34,23,0,0,5,682,346,5,36,3,0,0,0,0,0,0,0,0,0,0,0,3,7,4,0,0,0,0,6,0,0,0,0,4,34,0,0,0,0,279,383,475,507,492,501,457,456,432,388,333,317,317,307,311,304,284,283,2203,88,89,101,94,73,65,69,65,75,62,50,48,40,35,25,20,10,7,0,0,4,14,1906,477,370,267,207,204,210
222,204,204,229,254,284,292,291,277,261,225,154,57,8,0,0,0,0,0,0,22,13,3,0,5,641,209,248,307,406,322,210,104,0,0,0,0,0,0,0,0,4,18,0,10,28,22,0,0,0,38,39,48,24,0,0,318,655,3,13,0,0,0,0,0,0,0,0,0,0,0,0,0,0,0,0,0,0,0,0,0,0,0,0,0,20,1,16,123,289,542,498,549,487,474,450,425,417,382,339,313,315,306,309,295,291,257,268,2014,67,71,78,91,77,52,50,44,51,55,44,40,26,25,18,16,5,0,0,6,11,17,2121,412,339,241,212,235,218
234,214,227,255,290,281,299,284,253,223,179,95,43,9,0,0,0,0,0,0,9,3,0,0,5,782,220,231,238,186,0,0,0,0,0,0,0,0,0,0,0,0,2,0,8,19,42,24,0,0,26,43,53,61,0,0,0,646,1,3,0,0,0,0,0,0,0,0,0,0,0,0,0,0,0,0,0,0,0,0,0,0,0,0,0,12,0,5,187,338,461,491,519,453,430,415,399,364,336,322,296,282,269,270,255,260,240,259,1837,63,58,62,82,85,56,42,39,36,42,37,37,22,18,13,9,0,0,8,15,15,21,2333,369,321,235,238,232,230
249,230,264,298,291,263,283,241,214,182,132,63,35,21,16,19,13,7,0,0,0,0,0,0,5,907,205,205,184,98,0,0,0,0,0,0,0,0,0,0,0,0,0,0,7,24,54,94,103,120,149,196,239,334,362,385,455,639,0,0,0,0,0,0,0,0,6,7,8,0,18,12,0,0,0,0,0,0,0,0,0,0,0,0,0,6,0,0,356,486,537,530,472,430,407,397,357,349,319,283,256,249,247,241,235,234,222,218,1656,65,41,33,56,99,61,43,33,26,29,31,35,21,9,5,0,0,6,11,19,23,30,2528,328,288,228,248,240,247
310,383,537,712,547,410,272,226,178,147,95,58,49,32,28,12,0,0,3,0,0,0,0,4,14,1031,189,178,136,50,0,0,8,7,10,8,6,0,0,0,0,0,0,0,0,0,0,0,2,10,12,21,21,30,30,36,134,167,0,0,0,0,0,0,0,0,5,11,22,15,36,0,0,0,0,0,0,0,0,0,0,0,0,0,0,0,157,426,711,632,576,507,430,409,370,349,332,310,264,239,236,216,222,212,209,219,199,195,1505,80,52,16,0,59,88,34,29,16,13,20,34,13,4,0,0,4,10,15,26,27,29,2714,309,283,255,252,263,288
385,449,437,326,0,0,0,191,163,134,88,68,48,36,17,0,0,2,13,0,0,0,0,0,0,1109,170,139,86,31,14,14,23,18,17,8,4,0,0,0,0,0,0,0,0,0,0,0,3,0,4,10,14,21,25,35,188,85,0,0,0,0,0,0,0,0,5,13,24,28,53,26,0,0,0,4,0,0,0,0,0,0,0,0,0,0,309,522,560,537,490,437,383,351,324,304,287,260,225,205,199,185,188,185,195,203,182,172,1351,80,76,40,0,0,66,23,22,6,0,0,21,6,0,0,8,11,17,16,30,32,30,2882,303,288,266,300,332,361
367,374,293,173,32,68,120,271,159,107,87,70,44,24,0,0,0,4,29,26,43,78,155,308,637,1203,165,111,67,42,28,27,37,30,21,14,9,0,0,0,0,0,0,0,0,0,0,4,19,0,0,4,12,13,20,32,163,0,0,0,0,0,0,0,0,0,23,73,135,308,440,504,551,557,563,303,8,0,0,0,0,0,0,0,0,0,620,703,596,505,429,360,314,288,272,255,252,234,201,176,164,158,164,187,199,196,175,177,1220,78,89,85,38,0,46,28,25,10,0,0,10,0,0,6,16,18,38,32,40,47,43,3069,313,280,287,352,361,364
358,310,223,131,79,129,177,224,131,85,80,55,33,16,0,0,0,0,35,165,127,197,317,469,625,646,130,85,60,49,37,44,44,26,22,18,13,3,0,0,0,0,0,0,0,0,5,15,51,2,3,0,2,3,17,24,139,24,0,0,0,0,0,0,0,0,24,60,78,305,167,80,35,0,284,611,6,0,164,388,573,683,774,877,993,1104,1220,727,486,368,310,272,256,241,269,266,238,196,149,143,149,162,171,184,174,171,150,167,1068,60,57,65,76,46,40,27,23,15,3,0,0,0,6,11,21,0,23,47,43,46,44,3279,339,323,372,392,351,354
309,261,202,183,223,171,194,187,122,98,90,81,47,22,8,0,0,0,41,171,0,318,436,511,541,420,106,87,68,58,51,51,41,35,29,28,18,8,6,5,6,0,3,0,0,0,0,0,59,3,10,1,0,4,12,12,89,42,24,9,0,0,0,0,0,3,43,77,90,260,0,31,0,0,0,617,0,0,371,437,337,233,201,198,203,206,229,240,263,255,252,241,223,216,275,229,170,127,110,136,140,164,178,183,171,168,139,171,934,66,56,37,39,37,30,22,16,5,0,0,0,8,13,22,37,0,0,30,48,61,48,3474,341,346,372,342,334,335
268,233,188,161,112,0,189,148,98,85,68,44,0,0,0,0,17,26,47,177,0,562,471,474,413,255,94,80,58,61,52,53,48,47,37,42,37,43,31,18,18,8,13,3,0,0,0,37,69,7,24,10,4,0,2,8,53,22,14,10,0,0,0,0,0,0,64,96,112,206,0,37,0,0,0,683,724,747,764,413,205,129,123,143,169,191,224,233,259,247,234,227,204,205,323,165,80,72,101,130,142,174,161,154,134,134,131,156,803,53,53,42,28,29,20,17,12,2,0,0,0,7,15,28,59,33,23,31,46,64,61,3720,369,365,352,354,351,310
248,220,161,107,55,0,246,113,88,81,61,31,0,0,0,0,47,29,27,388,394,790,462,401,285,172,95,94,74,75,63,68,60,48,45,42,37,22,0,0,22,14,19,8,0,0,45,74,48,9,38,16,12,5,0,1,23,13,8,0,0,1,5,4,0,0,99,113,107,135,0,43,53,69,81,109,55,26,17,19,21,52,95,145,179,216,247,252,244,223,200,196,164,173,214,0,0,65,112,133,168,152,130,140,125,130,131,143,699,50,30,37,28,30,18,10,5,0,0,1,5,9,19,36,53,46,42,42,47,66,68,3948,364,363,349,353,330,282
210,198,149,113,113,153,307,123,95,79,68,62,75,131,119,113,107,40,19,646,499,602,396,277,191,143,111,98,77,84,71,68,55,51,51,48,34,13,0,0,46,33,45,54,72,138,132,75,34,5,57,20,20,10,3,0,6,4,2,4,20,36,63,111,149,185,209,133,86,78,0,0,4,14,10,16,0,0,0,4,15,65,119,181,208,239,236,222,210,196,174,168,152,162,124,0,0,108,131,142,153,129,122,116,104,120,111,120,594,45,35,22,16,16,17,9,0,0,10,12,15,18,22,39,53,49,49,59,63,78,72,4189,367,353,345,344,297,234
209,191,151,144,152,183,222,118,89,88,82,66,67,62,0,0,2,0,0,895,478,471,321,229,175,139,118,94,85,82,75,85,79,73,58,52,30,25,20,42,76,54,61,65,71,75,0,0,0,0,80,33,31,18,12,8,3,1,0,0,5,12,20,54,52,43,25,25,20,22,0,0,0,2,0,0,0,0,0,0,32,103,169,232,251,259,252,244,223,185,163,149,133,129,105,108,171,230,174,159,149,123,95,101,101,102,93,113,517,32,32,19,12,7,8,0,0,5,9,15,21,21,24,31,53,86,115,148,181,129,111,4437,348,351,335,324,256,224
202,182,168,164,186,200,191,126,96,96,86,66,59,42,0,0,0,0,5,1152,442,380,260,204,158,130,116,95,98,83,87,82,67,65,56,51,38,42,58,67,70,82,92,108,65,40,0,0,0,55,113,41,35,28,17,13,10,10,7,0,0,5,11,77,41,23,12,12,6,6,0,0,0,0,0,0,0,0,0,0,73,159,244,271,270,260,234,208,158,136,124,119,112,109,85,98,104,96,91,105,99,84,72,84,84,87,99,90,435,28,23,12,3,0,0,0,6,20,23,22,28,31,34,40,0,0,0,0,105,174,147,4686,323,347,313,282,237,226
200,202,194,198,192,173,159,115,88,91,77,60,56,29,1,0,0,4,15,1489,647,438,244,184,139,123,119,103,96,86,100,85,79,81,61,56,58,64,75,68,88,100,79,56,0,28,7,12,6,221,154,84,58,30,22,21,22,19,13,7,0,0,8,64,0,0,0,0,0,0,0,0,0,0,0,0,0,0,0,0,118,215,285,273,271,231,179,149,115,113,89,96,83,81,81,86,80,75,73,84,71,64,71,81,73,86,91,74,371,25,21,11,2,0,0,6,0,13,27,27,34,40,43,77,0,0,0,0,0,90,132,4946,345,359,303,280,246,228
210,214,191,199,166,159,144,111,92,94,83,57,40,18,9,0,0,0,0,1844,343,0,0,159,136,133,131,114,116,104,104,88,89,90,72,75,76,81,84,89,101,86,60,35,0,48,16,11,0,227,0,0,0,0,28,31,29,25,18,10,5,0,0,50,0,0,0,0,0,0,0,0,0,0,0,0,0,0,0,0,218,305,344,281,236,168,118,98,81,73,69,77,62,71,68,62,60,64,68,77,75,78,89,74,70,78,70,65,305,15,11,7,0,0,5,18,0,9,36,38,42,47,47,107,0,0,0,0,0,47,95,5162,321,327,273,236,232,217
238,200,197,178,144,143,131,105,98,96,73,50,38,24,15,2,0,0,0,1850,0,0,0,237,145,150,135,122,125,104,102,101,101,94,88,89,98,97,97,109,99,86,62,49,40,65,19,8,0,239,5,11,18,29,53,43,29,26,18,14,11,4,0,42,36,30,18,12,6,0,0,0,0,0,0,0,0,0,0,0,424,415,334,211,152,93,66,70,69,61,60,62,51,55,49,48,46,56,67,71,70,60,54,41,54,54,48,57,251,17,7,0,0,7,12,32,0,0,19,41,44,55,59,148,82,0,0,0,0,26,82,5376,340,320,259,274,275,231
227,174,197,166,161,157,126,107,95,81,61,48,41,28,15,3,0,487,973,1879,41,80,171,326,159,135,122,127,123,107,118,123,109,110,114,99,103,97,113,113,93,71,60,50,45,41,18,3,149,267,37,44,44,42,62,55,41,40,28,23,16,10,12,7,3,4,4,2,0,0,0,0,0,0,0,0,0,0,0,0,836,418,221,119,71,40,42,52,47,44,43,39,35,43,42,45,46,57,72,64,53,37,34,44,44,45,48,62,199,7,0,0,7,13,20,52,0,0,9,32,45,61,61,110,141,0,0,0,0,0,47,5565,330,292,265,277,226,217
203,174,191,176,164,153,124,119,97,80,65,52,39,28,15,5,471,963,977,961,104,152,206,237,150,131,146,133,119,115,138,137,113,121,121,110,116,116,125,114,85,70,64,47,51,42,21,5,222,140,39,38,54,58,72,54,44,40,30,30,28,20,19,9,13,18,16,10,6,0,0,0,0,0,0,0,0,0,0,184,830,0,0,0,6,13,27,38,36,30,26,26,24,26,27,29,26,41,73,41,22,22,28,38,31,41,41,51,154,5,10,28,50,74,98,173,187,200,228,261,296,353,396,471,643,649,655,0,0,0,34,5741,301,273,260,248,209,224
1327,1169,1027,893,750,636,524,432,346,267,205,138,89,54,23,6,956,911,824,571,164,195,218,219,158,154,150,140,145,160,179,183,191,280,425,722,660,599,534,448,369,313,240,158,110,57,21,4,286,113,65,72,80,70,85,105,136,203,337,315,289,244,217,187,152,103,69,44,21,5,0,12,18,14,0,0,0,0,0,353,634,59,53,0,5,14,27,40,23,13,13,9,12,17,22,21,23,68,47,0,0,3,16,22,22,32,32,38,115,5,10,13,12,11,13,17,12,11,15,11,13,13,10,11,13,0,2129,2135,2141,2654,3224,0,2476,2265,2046,1841,1671,1508
74,74,72,60,61,49,49,39,37,19,24,19,14,7,0,0,1324,754,612,372,195,203,206,193,157,166,151,171,184,202,207,222,254,342,401,367,0,0,8,14,23,46,82,27,18,7,0,0,353,101,86,96,109,119,142,170,191,268,164,0,13,12,15,29,51,34,8,9,5,0,0,0,10,27,0,0,0,0,13,735,388,0,47,0,4,9,24,14,0,0,0,0,0,5,10,12,21,45,0,0,0,3,16,17,21,24,28,30,82,3,9,5,4,2,3,1,1,3,5,5,7,3,4,1,0,0,1462,0,0,1012,1051,3416,108,109,109,93,98,93
66,53,59,48,53,39,42,38,37,26,18,13,8,0,0,5,1658,631,450,280,199,208,214,197,198,199,196,202,219,229,240,263,282,330,307,191,0,0,0,0,0,0,54,32,15,4,0,9,425,111,121,125,150,173,224,336,247,151,0,0,0,0,0,0,20,42,7,0,6,0,0,0,9,42,0,0,0,3,12,710,0,0,41,0,0,2,10,0,0,0,0,0,0,0,5,9,12,22,0,0,0,0,15,11,9,14,11,8,54,2,3,0,4,149,362,598,847,1080,1317,1570,1817,2034,2220,2415,2616,2804,2973,1684,1833,1986,1110,2831,119,109,103,81,82,91
69,64,67,51,52,36,29,27,25,24,12,3,0,0,8,10,1934,489,350,262,230,229,218,192,206,196,213,214,244,254,249,268,280,289,222,108,8,0,0,0,0,0,27,41,13,3,0,11,512,126,145,153,202,210,210,183,0,0,0,0,0,0,0,0,0,27,0,0,15,0,0,0,12,66,40,23,0,0,3,699,347,3,35,1,0,0,0,0,0,0,0,0,0,0,0,5,6,8,0,0,0,0,6,0,0,0,0,1,36,0,0,0,0,248,375,426,484,472,465,476,452,406,384,371,360,338,319,309,277,289,247,2180,100,92,95,87,79,82
55,47,54,42,44,38,29,23,11,14,7,0,0,4,16,23,2167,386,309,260,229,239,219,207,242,231,221,230,258,258,252,267,262,229,150,58,2,0,0,0,0,0,0,25,10,2,0,10,613,166,241,290,421,298,194,92,0,0,0,0,0,0,0,0,5,18,0,9,28,12,0,0,0,32,36,52,34,0,0,334,671,5,17,0,0,0,0,0,0,0,0,0,0,0,0,0,0,0,0,0,0,0,0,0,0,0,0,0,23,3,15,107,281,496,513,508,499,480,459,450,420,373,371,335,335,316,303,275,265,262,220,2002,86,80,87,82,80,76
48,42,43,35,38,37,21,17,9,7,0,0,6,10,18,27,2373,349,318,282,249,238,218,230,241,224,228,275,285,269,257,259,222,179,109,42,8,0,0,0,0,0,0,11,4,0,0,8,739,210,262,252,216,0,0,0,0,0,0,0,0,0,0,0,0,1,0,8,31,38,19,0,0,27,31,45,65,0,0,0,660,4,3,0,0,0,0,0,0,0,0,0,0,0,0,0,0,0,0,0,0,0,0,0,0,0,0,0,12,0,3,178,323,425,496,467,470,481,407,411,392,354,330,291,304,272,266,262,249,217,203,1826,75,59,67,69,75,65
34,32,37,30,29,37,21,13,4,0,0,8,14,18,22,32,2539,322,281,254,239,264,246,237,238,250,263,291,268,254,243,229,178,148,76,33,22,15,18,12,6,0,0,0,0,0,0,12,865,231,249,198,105,0,0,0,0,0,0,0,0,0,0,0,0,0,0,5,28,59,93,105,120,159,195,241,334,365,390,460,652,0,0,0,0,0,0,0,0,6,11,9,0,18,12,0,0,0,0,0,0,0,0,0,0,0,0,0,6,0,0,331,473,520,540,479,477,429,368,377,354,326,295,277,271,228,241,228,190,177,198,1675,69,54,49,57,96,68
41,21,19,12,15,33,11,6,0,0,4,14,17,27,28,40,2736,316,259,264,269,283,250,292,379,484,690,548,387,246,218,199,176,118,59,39,26,25,11,0,0,3,0,0,0,0,1,15,1000,227,197,127,51,0,0,2,4,4,6,6,0,0,0,0,0,0,0,0,0,0,0,3,6,16,20,27,34,32,37,118,178,0,0,0,0,0,0,0,0,1,13,22,18,34,0,0,0,0,0,0,0,0,0,0,0,0,0,0,0,147,406,681,603,569,534,448,419,367,345,346,302,274,237,223,210,182,196,190,174,186,213,1531,63,46,22,0,51,96
38,12,9,0,0,20,6,0,0,7,7,19,29,40,35,40,2926,306,283,279,284,297,299,360,393,414,346,0,0,0,207,183,134,76,47,41,37,19,0,0,3,12,0,0,0,0,0,0,1117,210,147,86,38,13,14,23,21,18,15,6,0,0,0,0,0,0,0,0,0,0,0,2,0,8,10,16,21,22,38,200,112,0,0,0,0,0,0,0,0,2,16,20,23,54,28,0,0,0,3,0,0,0,0,0,0,0,0,0,0,290,481,531,512,515,428,379,348,325,338,308,258,234,194,185,172,184,194,195,188,201,201,1381,86,63,42,0,0,59
36,23,13,0,0,10,0,0,4,17,19,33,30,45,41,52,3118,311,298,305,323,338,332,354,364,340,198,42,74,141,277,146,108,81,52,39,27,0,0,0,6,30,44,56,96,163,303,616,1208,165,104,67,33,22,22,29,27,23,16,8,0,0,0,0,0,0,0,0,0,0,6,18,0,0,1,7,14,18,27,174,0,0,0,0,0,0,0,0,0,21,66,129,320,440,519,552,558,564,326,9,0,0,0,0,0,0,0,0,0,570,688,621,523,454,348,335,293,288,293,244,207,181,162,159,178,178,175,190,185,182,181,1222,84,70,67,24,0,34
24,20,16,2,0,0,0,9,10,12,0,22,46,51,46,68,3329,304,306,300,314,340,332,334,324,248,136,85,125,182,205,132,100,70,42,33,24,0,0,0,0,36,179,123,209,300,482,672,674,131,85,66,49,45,46,46,37,29,16,13,3,0,0,0,0,0,0,0,0,4,15,52,3,1,0,5,11,16,21,153,27,0,0,0,0,0,0,0,0,25,48,78,318,154,78,21,0,258,612,10,0,190,407,561,681,788,863,966,1065,1182,746,500,379,308,279,279,230,276,267,217,177,164,152,163,158,155,165,175,174,181,180,1078,79,80,79,70,40,31
21,18,9,0,0,0,7,12,26,34,0,0,29,48,39,65,3510,309,333,333,350,351,337,300,264,208,167,211,155,188,163,140,105,77,83,53,29,9,0,0,0,42,185,0,316,415,535,540,391,116,85,71,60,52,45,38,37,29,18,19,9,3,4,6,0,1,0,0,0,0,0,64,2,11,1,0,4,14,18,100,45,26,11,0,0,0,0,0,4,44,66,93,268,0,30,0,0,0,618,0,0,390,408,305,230,174,148,182,207,236,253,268,265,249,243,225,212,297,239,165,126,118,113,129,135,153,165,179,170,159,151,936,60,62,53,46,44,30
12,11,4,0,0,0,7,12,22,54,29,17,33,51,43,66,3728,347,342,344,359,350,330,277,255,210,147,116,0,197,151,124,86,74,51,0,0,0,0,20,33,48,191,0,571,467,481,408,254,99,74,73,63,56,54,55,51,40,39,42,44,29,20,16,8,10,5,0,0,0,40,75,2,26,7,2,0,8,14,57,17,13,10,0,0,0,0,0,0,64,88,106,214,0,36,0,0,0,683,722,746,764,394,213,143,130,155,190,207,236,251,262,242,209,213,219,200,340,166,76,76,92,118,150,163,159,174,162,155,151,144,819,48,51,45,40,36,20
10,5,0,0,2,5,12,21,30,48,45,36,42,57,49,60,3978,381,384,364,352,316,298,243,202,144,104,68,0,276,117,105,81,55,23,0,0,0,0,40,32,21,388,387,789,439,400,287,168,90,79,74,62,59,56,54,50,40,48,40,22,0,0,19,16,14,12,0,0,36,73,43,3,40,9,6,1,0,4,29,9,7,0,0,4,4,7,0,0,100,110,110,151,0,42,54,69,82,108,55,28,20,19,23,54,87,134,188,222,247,241,238,212,198,195,186,153,235,0,0,55,104,136,142,140,136,158,145,126,127,139,708,36,40,31,27,31,25
7,0,0,7,7,12,21,24,34,49,46,47,45,63,63,68,4187,344,353,318,319,297,265,212,170,147,134,134,183,344,114,110,79,58,47,61,132,120,114,108,44,14,656,513,592,373,299,213,143,91,89,84,71,73,70,61,60,48,56,29,9,0,0,47,38,43,54,76,138,132,84,35,7,57,16,16,9,2,0,14,8,4,1,20,40,58,111,144,178,205,128,84,82,0,0,2,12,9,14,0,0,0,2,18,68,96,160,209,236,243,234,206,192,191,189,171,150,155,0,0,99,151,142,138,145,142,142,108,102,129,136,597,31,28,27,19,10,15
0,0,8,19,24,19,28,33,41,56,88,122,152,195,133,111,4458,357,351,306,306,270,232,191,159,161,161,172,199,232,107,87,67,63,60,71,77,0,0,6,0,0,900,486,469,334,253,172,121,90,107,93,80,80,77,62,61,49,56,34,25,27,49,86,54,58,65,80,70,0,0,0,0,80,28,19,10,10,5,3,1,0,0,8,7,15,57,52,46,36,29,24,26,0,0,0,4,0,0,0,0,0,0,22,91,146,235,262,279,244,222,211,196,172,150,135,129,118,103,163,212,170,130,126,125,116,115,102,115,120,106,498,32,19,22,15,7,8
0,4,14,16,25,23,32,33,44,0,0,0,0,102,175,141,4705,338,355,302,291,260,239,199,188,190,177,191,197,179,96,99,88,77,73,67,50,0,0,0,0,10,1143,437,380,263,197,163,125,108,108,88,80,79,84,66,72,68,63,43,38,49,74,81,74,90,111,69,36,0,0,0,52,101,32,31,27,24,14,5,5,4,0,0,5,17,79,40,23,14,8,6,6,0,0,0,0,0,0,0,0,0,0,49,145,213,274,263,250,196,189,159,136,140,122,119,102,95,85,96,94,106,101,105,106,109,103,85,91,86,79,428,38,17,13,6,0,0
3,0,12,24,33,32,40,44,79,0,0,0,0,0,90,120,4942,335,338,280,286,258,224,189,183,190,200,214,180,152,107,100,81,73,69,57,38,2,0,0,1,17,1518,652,434,224,167,157,118,108,106,104,87,90,96,74,91,79,65,58,66,80,94,88,82,79,59,0,29,11,12,6,207,143,82,53,25,26,17,14,19,13,5,0,0,10,60,0,0,0,0,0,0,0,0,0,0,0,0,0,0,0,0,88,222,279,311,259,221,184,169,135,123,103,89,88,71,73,71,77,83,78,82,99,92,93,75,64,73,72,77,361,27,19,7,1,0,0
15,0,8,30,35,38,43,46,113,0,0,0,0,0,56,96,5161,316,308,265,261,232,204,199,209,225,187,182,151,129,103,93,78,78,72,52,25,8,0,0,0,0,1842,312,0,0,150,150,121,112,113,104,101,122,112,90,94,77,71,74,87,88,99,93,75,65,35,0,46,16,7,0,213,0,0,0,0,30,24,27,24,14,8,8,0,0,48,0,0,0,0,0,0,0,0,0,0,0,0,0,0,0,0,197,341,334,304,224,179,148,123,100,90,83,76,60,61,67,67,65,78,75,91,83,67,68,54,57,71,73,69,300,16,15,9,0,0,8
29,0,0,21,36,45,57,50,149,78,0,0,0,0,32,86,5372,330,306,271,252,225,221,221,220,212,172,186,149,119,104,87,80,82,55,37,20,10,2,0,0,0,1848,0,0,0,250,160,131,120,119,131,134,124,108,87,90,95,95,97,103,102,102,81,67,58,42,35,60,16,6,0,226,6,11,19,29,65,40,39,29,25,23,16,4,0,42,36,30,18,12,6,0,0,0,0,0,0,0,0,0,0,0,402,434,320,228,145,99,82,62,54,61,61,50,50,53,53,59,57,67,73,71,59,52,51,52,58,60,51,50,250,9,7,0,0,6,15
48,0,0,13,30,40,54,56,112,143,0,0,0,0,0,44,5564,316,277,262,257,237,242,218,215,189,172,173,127,109,108,95,91,78,48,36,21,17,5,0,500,961,1889,49,78,154,320,133,136,136,136,144,130,117,105,94,110,114,106,101,105,112,100,82,76,60,57,48,44,21,7,122,245,20,33,37,53,67,40,37,34,30,24,22,16,10,4,2,5,4,1,0,0,0,0,0,0,0,0,0,0,0,0,825,429,212,116,68,50,46,41,41,46,33,25,35,44,44,46,41,55,74,62,48,41,42,44,44,46,50,58,207,4,0,0,7,11,21
168,183,200,222,256,303,350,394,467,637,643,649,0,0,0,30,5748,297,291,259,260,235,237,218,212,169,165,145,115,108,106,91,79,63,49,37,27,17,4,503,1018,956,981,101,150,220,255,143,156,166,145,153,139,125,123,126,126,114,112,110,104,113,85,68,73,61,61,48,35,20,6,208,152,42,60,60,73,62,50,46,43,34,33,29,13,12,14,14,17,11,8,6,0,0,0,0,0,0,0,0,0,0,193,819,0,0,0,8,20,28,34,36,39,27,22,28,29,21,27,27,54,73,34,18,16,21,31,33,31,38,40,152,5,2,26,53,75,101
12,15,16,15,15,15,13,13,8,9,0,2148,2154,2160,2638,3245,0,2491,2277,2061,1881,1668,1500,1329,1180,1019,896,749,626,533,439,344,264,203,146,92,60,26,5,964,886,750,573,165,185,222,210,153,178,167,151,158,148,157,168,194,264,426,722,653,590,531,438,379,321,251,163,97,57,29,6,268,109,69,82,79,93,84,98,126,208,337,309,281,234,215,186,154,108,73,50,25,9,0,12,18,14,0,0,0,0,0,371,614,58,52,0,4,12,24,32,20,13,7,7,11,15,16,23,33,68,36,0,0,2,18,22,22,27,40,36,114,4,9,20,14,9,9
6,4,3,3,3,5,5,1,0,2,0,1487,0,0,974,1107,3378,130,117,108,112,84,79,62,64,63,66,64,44,47,44,41,26,19,19,8,4,0,0,1372,734,600,376,193,194,199,186,162,186,192,181,167,193,202,223,271,358,420,354,0,0,11,16,24,33,74,35,18,7,0,0,337,110,95,90,100,121,128,149,210,275,158,0,17,11,16,24,48,30,10,10,2,0,0,0,10,28,0,0,0,0,10,725,360,0,46,0,3,8,24,12,0,0,0,0,0,7,11,17,19,37,0,0,0,4,17,16,21,24,25,21,81,4,8,5,4,4,2
594,858,1110,1378,1640,1868,2099,2292,2487,2673,2827,2973,1634,1791,1935,1116,2771,111,118,107,114,84,68,68,72,65,68,64,50,40,33,33,29,16,12,7,0,0,5,1679,566,450,285,213,212,211,208,201,212,201,178,189,219,222,255,308,332,298,169,0,0,0,0,0,0,51,36,16,7,0,10,411,111,110,122,150,177,215,329,259,135,0,0,0,0,0,0,22,38,2,0,6,0,0,0,8,42,0,0,0,3,12,703,0,0,40,0,0,3,12,0,0,0,0,0,0,0,5,11,12,23,0,0,0,0,14,11,11,13,9,10,54,4,2,0,3,133,342
448,492,493,516,513,455,422,372,356,332,289,286,290,268,279,277,2186,86,102,96,108,99,71,59,66,49,52,53,48,39,27,17,18,10,6,0,0,9,12,1910,448,346,260,224,225,222,221,221,206,192,190,211,249,268,288,291,272,205,85,10,0,0,0,0,0,21,39,14,5,0,10,490,140,147,161,177,199,211,183,0,0,0,0,0,0,0,0,0,29,0,0,15,0,0,0,12,66,31,22,0,0,3,689,342,3,34,3,0,0,0,0,0,0,0,0,0,0,0,4,4,6,0,0,0,0,6,0,0,0,0,2,35,0,0,0,0,256,376
557,539,504,505,448,393,374,346,323,304,283,292,283,264,274,236,1998,68,75,87,98,101,70,52,59,48,45,39,38,31,29,19,12,6,0,0,6,14,22,2132,392,323,285,233,209,211,230,221,217,219,233,269,306,295,270,251,224,136,50,9,0,0,0,0,0,0,21,10,2,0,9,612,200,226,295,417,319,206,89,0,0,0,0,0,0,0,0,4,18,0,9,30,19,0,0,0,41,44,53,26,0,0,329,660,1,15,0,0,0,0,0,0,0,0,0,0,0,0,0,0,0,0,0,0,0,0,0,0,0,0,0,22,3,18,123,305,514,494
544,471,450,437,371,364,321,305,290,289,276,258,238,228,240,239,1843,73,57,57,77,97,65,49,48,43,45,39,36,22,17,13,6,0,0,5,9,16,24,2348,354,309,252,209,211,238,252,241,246,250,279,299,303,263,233,210,166,87,28,13,0,0,0,0,0,0,9,4,0,0,5,744,230,234,249,208,0,0,0,0,0,0,0,0,0,0,0,0,2,0,6,26,45,29,0,0,23,38,56,68,0,0,0,653,2,3,0,0,0,0,0,0,0,0,0,0,0,0,0,0,0,0,0,0,0,0,0,0,0,0,0,12,0,3,182,321,414,491
523,458,430,409,359,348,304,283,262,238,216,201,210,226,229,209,1662,64,56,32,49,103,66,43,37,33,37,36,39,16,8,5,0,0,8,17,13,21,27,2501,296,284,244,240,256,288,289,262,264,279,279,277,262,228,211,173,117,72,35,25,18,18,12,6,0,0,0,0,0,0,5,869,235,208,190,108,0,0,0,0,0,0,0,0,0,0,0,0,0,0,3,21,49,92,104,116,150,191,239,336,364,389,459,643,0,0,0,0,0,0,0,0,6,3,4,0,18,12,0,0,0,0,0,0,0,0,0,0,0,0,0,6,0,0,341,474,526,554
451,397,350,327,314,297,247,219,203,194,191,196,202,211,195,186,1521,65,57,21,0,56,92,33,24,15,14,18,40,18,8,0,0,5,14,29,26,32,42,2686,315,305,256,278,300,310,305,348,475,675,527,397,243,208,182,133,90,70,44,32,28,9,0,0,5,0,0,0,0,4,17,1010,209,165,131,59,0,0,7,7,9,8,6,0,0,0,0,0,0,0,0,0,0,0,4,7,14,18,20,27,34,35,116,168,0,0,0,0,0,0,0,0,9,12,16,10,31,0,0,0,0,0,0,0,0,0,0,0,0,0,0,0,166,413,692,621,586,527
394,341,314,315,314,252,212,192,190,182,171,176,187,199,187,188,1376,72,64,35,0,0,69,26,15,9,0,0,21,7,0,0,6,10,15,25,37,36,45,2882,318,308,307,347,344,352,354,404,436,344,0,0,0,190,171,121,86,67,50,38,18,0,0,1,16,0,0,0,0,0,0,1119,177,138,95,39,13,16,24,16,17,11,4,0,0,0,0,0,0,0,0,0,0,0,2,0,5,11,14,21,22,26,192,104,0,0,0,0,0,0,0,0,8,21,22,20,47,29,0,0,0,6,0,0,0,0,0,0,0,0,0,0,309,490,546,539,508,436
313,275,282,276,246,197,174,155,170,162,166,178,182,186,162,163,1228,73,82,75,37,0,50,35,19,10,0,0,8,0,0,7,13,18,39,32,39,46,47,3069,330,331,345,328,325,348,343,375,323,190,32,69,140,270,142,93,71,57,45,22,0,0,0,2,30,34,44,65,145,277,588,1209,147,111,69,38,31,30,32,28,26,16,9,0,0,0,0,0,0,0,0,0,0,8,20,0,0,2,10,18,17,25,171,0,0,0,0,0,0,0,0,0,22,70,131,320,432,510,543,549,555,303,6,0,0,0,0,0,0,0,0,0,611,685,595,518,437,375
256,251,271,261,209,163,139,129,152,154,164,175,166,190,171,180,1101,58,63,56,63,33,38,34,19,15,4,0,0,0,3,11,21,0,23,50,45,54,63,3291,347,342,350,333,363,359,339,335,251,158,96,135,181,191,120,88,78,63,41,16,0,0,0,0,36,160,114,170,311,462,658,686,109,81,56,49,39,46,44,35,31,18,11,1,0,0,0,0,0,0,0,0,2,14,50,2,3,0,6,8,9,22,150,25,0,0,0,0,0,0,0,0,24,51,87,322,161,85,21,0,274,603,8,0,197,399,562,698,791,896,995,1100,1223,746,515,420,347,296
228,215,263,227,146,122,122,133,151,150,153,161,165,176,152,150,961,51,45,42,42,28,30,31,18,7,0,0,0,10,9,20,40,0,0,32,42,45,64,3507,362,376,370,358,348,313,307,275,202,172,200,148,174,167,122,91,79,92,50,23,8,0,0,0,42,166,0,305,442,531,559,406,104,79,68,63,58,58,44,37,31,20,14,9,6,6,6,0,4,0,0,0,0,0,63,4,12,2,0,2,7,15,99,49,23,4,0,0,0,0,0,4,50,77,98,261,0,39,0,0,0,609,0,0,384,403,326,242,177,184,178,213,236,250,272,269,244,236
186,181,306,163,77,76,97,131,156,172,156,149,143,145,133,129,844,61,54,41,35,20,20,17,11,3,0,0,0,10,5,16,54,33,20,37,41,50,63,3717,372,383,363,333,339,316,284,237,190,161,108,0,174,152,100,89,80,63,0,0,0,0,16,24,48,172,0,534,458,462,388,231,90,68,68,53,54,49,41,35,37,34,33,46,31,19,19,10,12,2,0,0,0,39,75,3,24,11,4,0,3,12,53,23,18,9,0,0,0,0,0,0,66,96,100,206,0,45,0,0,0,679,715,738,760,395,209,129,114,150,170,206,228,252,266,242,216,203
180,167,207,0,0,71,113,157,150,145,120,139,142,145,132,130,737,45,40,37,31,19,19,14,7,0,0,3,4,18,24,29,43,47,36,50,57,62,73,3964,394,379,317,305,338,268,250,216,155,103,46,0,252,119,90,81,64,31,0,0,0,0,40,31,30,392,415,759,432,383,305,194,109,94,89,74,77,63,49,52,47,38,30,27,0,0,22,14,14,7,0,0,41,78,47,3,46,18,8,2,0,7,26,10,6,0,0,3,4,1,0,0,113,115,92,147,0,51,60,77,93,117,59,35,28,22,29,48,98,162,190,224,241,243,228,218,195,178
171,138,119,0,0,116,140,162,133,127,119,132,120,124,111,123,626,38,34,25,23,13,10,4,0,0,6,10,11,17,29,38,42,50,42,45,50,71,82,4197,369,353,343,346,333,261,226,173,134,118,104,163,322,105,99,84,68,48,65,132,120,114,108,44,19,652,504,557,388,325,248,158,105,95,81,70,73,67,57,63,51,43,31,21,0,0,48,33,35,39,74,138,132,79,30,4,64,20,17,7,1,0,9,5,2,3,18,39,64,106,146,182,205,115,75,86,0,0,1,15,10,12,0,0,0,2,27,64,139,204,222,255,248,233,221,211,180,167
123,100,105,125,182,233,180,150,116,96,105,109,98,104,97,106,526,36,29,18,12,8,10,0,0,7,15,21,23,24,29,43,49,89,120,158,185,145,128,4476,370,355,338,307,275,228,189,178,161,141,153,216,225,100,108,89,79,67,78,73,0,0,6,0,0,914,482,426,317,261,189,129,92,80,86,88,96,88,67,71,50,42,36,28,26,49,84,57,60,67,94,75,0,0,0,0,88,30,18,12,9,3,4,3,0,0,7,14,18,57,59,43,31,31,26,28,0,0,0,5,0,0,0,0,0,0,39,97,180,235,230,241,239,218,201,177,142,139
90,95,106,99,93,101,112,92,82,92,113,106,92,95,103,107,445,33,19,13,4,0,0,0,6,17,23,29,24,30,36,45,0,0,0,0,82,160,153,4727,343,337,327,293,249,212,189,172,164,167,187,203,163,103,116,84,80,67,66,42,0,0,0,0,6,1138,426,361,274,215,158,130,102,109,116,100,89,70,66,72,61,60,51,52,53,74,82,85,86,116,79,35,0,0,0,64,114,31,25,19,14,15,13,8,4,0,0,7,13,77,40,21,15,9,4,4,0,0,0,0,0,0,0,0,0,0,64,153,228,258,239,247,229,176,155,128,107,111
92,84,89,80,82,80,76,79,83,97,102,88,74,81,93,84,362,29,16,12,0,0,0,5,0,10,20,33,40,37,36,78,0,0,0,0,0,74,126,4980,359,345,323,274,231,205,193,182,193,198,190,182,145,106,107,70,68,64,53,26,4,0,0,3,12,1471,641,412,230,191,163,136,115,115,106,93,84,72,78,75,65,57,55,62,68,87,81,94,75,64,0,21,10,12,6,213,137,75,52,28,33,29,21,19,15,5,0,0,5,60,0,0,0,0,0,0,0,0,0,0,0,0,0,0,0,0,116,223,268,265,243,225,186,137,123,106,99,94
72,60,65,63,69,77,75,80,70,82,75,60,62,73,81,74,297,21,6,7,0,0,6,17,0,8,32,38,47,53,53,120,0,0,0,0,0,39,86,5223,350,326,285,239,213,210,195,196,207,198,161,153,130,104,94,69,72,65,39,22,8,0,0,0,0,1821,338,0,0,163,158,135,121,123,121,94,100,100,104,91,78,83,85,90,98,93,91,92,60,35,0,38,16,8,0,219,0,0,0,0,36,35,25,21,18,10,7,0,0,50,0,0,0,0,0,0,0,0,0,0,0,0,0,0,0,0,209,312,324,279,241,194,136,98,90,79,77,85
45,50,47,52,58,53,66,69,56,60,52,50,50,49,53,57,240,17,7,0,0,8,14,35,0,0,16,31,52,49,49,157,80,0,0,0,0,20,81,5439,298,292,248,246,234,225,195,201,203,191,137,145,126,101,87,87,74,55,35,24,10,5,0,0,0,1827,0,0,0,257,175,141,128,134,118,97,101,95,98,90,81,97,84,86,101,96,99,88,55,27,24,54,16,7,0,231,8,10,17,32,60,38,27,29,24,13,12,6,0,42,36,30,18,12,6,0,0,0,0,0,0,0,0,0,0,0,403,410,315,225,162,108,69,59,59,61,58,58
33,34,37,50,51,54,73,57,41,40,32,38,42,41,55,58,191,9,0,0,5,12,16,51,0,0,12,21,47,58,55,115,157,0,0,0,0,0,46,5607,280,289,267,254,213,207,191,208,218,179,124,143,120,104,92,97,73,62,47,35,18,6,0,494,946,1863,53,95,198,363,163,140,140,127,110,110,112,112,109,103,105,112,95,114,119,109,93,77,51,48,51,48,19,8,130,251,27,36,42,52,62,50,39,34,28,22,16,14,11,8,5,5,6,2,0,0,0,0,0,0,0,0,0,0,0,0,829,432,228,126,71,46,34,47,52,51,45,42
22,29,30,36,30,50,64,33,19,19,21,30,27,32,46,40,147,4,5,21,44,70,97,169,180,194,221,250,288,336,378,446,636,642,648,0,0,0,24,5779,303,284,266,247,229,234,224,222,203,162,138,154,123,113,90,87,57,50,32,27,12,4,450,936,934,986,106,160,219,238,142,151,148,125,123,127,116,129,125,114,118,108,121,121,101,102,82,67,56,55,43,33,19,7,217,150,45,49,46,61,67,54,49,41,35,34,32,30,19,15,13,16,15,8,9,0,0,0,0,0,0,0,0,0,0,196,823,0,0,0,6,10,18,39,32,29,24,27
9,15,20,25,22,64,33,0,0,5,20,20,20,26,35,36,117,3,4,15,16,14,12,12,11,14,13,10,10,10,11,13,15,0,2160,2166,2172,2663,3234,0,2461,2238,2042,1830,1649,1485,1314,1150,1004,861,728,628,511,428,338,269,198,148,94,59,25,6,908,880,811,613,162,201,221,225,159,155,152,122,133,148,140,162,203,275,420,720,664,588,526,442,362,297,239,166,104,62,32,7,277,111,66,65,71,93,89,108,149,208,338,312,283,234,204,175,145,101,69,43,24,5,0,12,18,13,0,0,0,0,0,389,615,59,53,0,2,9,23,44,22,14,10,8
0,5,13,16,23,44,0,0,0,5,16,14,22,26,29,23,80,5,8,10,6,5,2,2,3,3,4,4,3,5,4,2,4,0,1500,0,0,980,1088,3386,121,101,117,105,91,96,94,72,70,65,60,55,49,40,32,27,23,23,10,6,0,0,1299,756,625,385,165,199,216,207,171,180,181,146,166,190,198,227,289,342,403,373,0,0,22,26,32,45,70,34,20,8,0,0,336,109,82,87,111,123,130,174,202,255,155,0,19,17,23,30,52,28,12,7,2,0,0,0,11,25,0,0,0,0,9,728,345,0,47,0,3,10,29,21,0,0,0,0
0,0,7,11,15,19,0,0,0,0,13,9,11,15,11,14,56,2,2,0,4,156,371,610,873,1122,1374,1604,1837,2054,2270,2470,2653,2825,2984,1658,1801,1935,1098,2768,115,106,101,96,85,74,87,69,62,56,47,40,38,34,26,25,12,14,6,0,0,8,1649,596,458,298,234,229,229,206,179,188,177,162,206,227,223,257,300,329,298,188,0,0,0,0,0,0,47,28,14,3,0,8,402,123,102,118,145,172,234,341,242,136,0,0,0,0,0,0,26,39,6,0,6,0,0,0,11,37,0,0,0,5,14,707,0,0,41,0,0,3,12,0,0,0,0,0
0,0,0,2,3,3,0,0,0,0,6,0,0,0,0,4,34,0,0,0,0,267,404,465,491,489,490,452,447,415,418,377,335,340,308,309,270,283,282,2189,94,100,100,91,86,67,71,74,63,61,54,45,41,36,23,18,10,8,0,0,7,13,1900,473,395,275,235,206,226,207,205,202,186,190,227,237,255,300,300,296,206,105,10,0,0,0,0,0,28,41,11,3,0,7,500,142,132,164,197,221,227,180,0,0,0,0,0,0,0,0,0,27,0,0,15,0,0,0,17,66,37,21,0,0,1,690,330,2,35,3,0,0,0,0,0,0,0,0
0,0,0,0,0,0,0,0,0,0,0,0,0,0,0,0,20,1,14,118,290,536,521,505,496,475,453,419,416,389,401,341,325,315,268,285,253,264,259,1981,74,77,79,85,93,70,53,62,60,50,44,33,21,17,19,15,3,0,0,6,15,22,2136,408,313,267,246,240,231,212,209,194,215,224,258,270,275,276,248,212,142,67,9,0,0,0,0,0,0,28,9,1,0,9,604,163,218,306,425,316,200,86,0,0,0,0,0,0,0,0,3,18,0,9,28,13,0,0,0,35,46,54,34,0,0,344,662,4,18,0,0,0,0,0,0,0,0,0
0,0,0,0,0,0,0,0,0,0,0,0,0,0,0,0,12,0,5,197,353,448,494,501,484,445,414,365,355,341,329,277,270,261,253,260,229,230,225,1792,60,60,61,64,91,71,49,45,48,45,38,36,23,12,13,8,0,0,4,10,16,25,2346,374,306,286,239,234,230,226,219,227,255,249,264,278,257,250,216,172,114,43,8,0,0,0,0,0,0,12,5,0,0,7,732,226,267,296,214,0,0,0,0,0,0,0,0,0,0,0,0,3,0,8,28,34,19,0,0,22,40,43,72,0,0,0,652,6,5,0,0,0,0,0,0,0,0,0
0,18,12,0,0,0,0,0,0,0,0,0,0,0,0,0,6,0,0,352,470,492,507,468,432,402,394,361,338,317,295,260,243,230,222,212,208,202,217,1658,69,52,41,44,91,64,37,32,33,35,34,38,22,8,4,0,0,6,14,17,18,23,2519,301,269,258,231,247,256,241,236,261,267,263,266,273,232,220,174,141,81,37,18,16,17,11,5,0,0,0,0,0,0,12,854,222,222,202,90,0,0,0,0,0,0,0,0,0,0,0,0,0,0,7,32,59,92,100,116,142,195,238,337,360,392,473,643,0,0,0,0,0,0,0,0,6,7,6
19,36,0,0,0,0,0,0,0,0,0,0,0,0,0,0,0,150,398,667,587,546,525,441,396,366,346,310,293,308,266,228,212,216,211,202,204,191,214,1504,73,49,21,0,52,89,33,22,18,14,19,35,13,6,0,0,6,10,22,22,31,33,2686,302,302,272,269,281,282,282,328,448,675,536,399,263,220,200,154,124,61,41,30,29,12,0,0,6,0,0,0,0,2,16,989,222,195,140,53,0,0,7,12,11,8,6,0,0,0,0,0,0,0,0,0,0,0,4,11,14,23,27,24,30,43,124,158,0,0,0,0,0,0,0,0,5,16,25
26,62,37,0,0,0,3,0,0,0,0,0,0,0,0,0,0,305,472,531,550,500,443,359,350,327,314,292,260,246,211,193,181,187,165,169,182,182,192,1353,81,58,37,0,0,63,26,19,9,0,0,21,5,0,0,7,15,15,29,29,37,39,2876,320,312,279,286,282,316,339,384,426,375,0,0,0,214,179,137,95,49,49,38,15,0,0,1,17,0,0,0,0,0,0,1107,205,154,90,37,14,20,25,16,10,9,4,0,0,0,0,0,0,0,0,0,0,0,3,0,7,10,16,17,27,33,192,97,0,0,0,0,0,0,0,0,2,13,20
307,429,504,555,561,567,303,9,0,0,0,0,0,0,0,0,0,613,682,616,540,411,372,324,301,296,295,262,219,201,182,150,146,158,149,169,179,177,183,1217,86,69,72,39,0,43,29,27,15,0,0,10,0,0,6,8,23,38,47,45,49,47,3087,322,317,312,331,345,365,346,347,325,222,44,73,142,284,132,113,76,56,41,21,0,0,0,2,31,30,54,92,170,311,571,1193,160,116,73,51,34,30,28,24,22,17,6,0,0,0,0,0,0,0,0,0,0,7,23,0,0,3,13,17,22,24,171,0,0,0,0,0,0,0,0,0,17,64,120
322,159,80,39,0,288,615,6,0,202,394,558,690,786,873,976,1084,1196,720,494,410,318,321,267,245,285,271,207,175,154,140,120,136,151,163,188,191,180,179,1076,85,72,59,62,33,33,22,20,14,2,0,0,0,5,13,12,0,17,46,57,67,65,3295,321,338,344,348,339,333,324,306,259,166,91,139,189,210,124,104,65,56,37,21,0,0,0,0,37,180,138,211,326,461,625,694,136,103,70,48,34,35,34,31,26,18,9,4,0,0,0,0,0,0,0,0,2,12,51,1,1,0,4,7,13,18,150,20,0,0,0,0,0,0,0,0,22,50,70
277,0,27,0,0,0,621,0,0,380,376,317,241,174,159,159,196,229,265,266,257,243,247,228,235,298,242,158,137,111,109,120,151,165,175,172,170,160,157,930,57,55,51,42,29,25,18,18,11,0,0,0,10,12,17,27,0,0,20,38,56,64,3520,344,351,341,317,314,331,328,292,233,195,222,168,181,164,119,99,82,92,51,27,10,0,0,0,43,186,0,339,413,507,513,406,122,93,55,46,44,54,52,43,36,30,18,11,7,8,6,0,3,0,0,0,0,0,63,3,15,4,0,2,8,13,105,42,22,9,0,0,0,0,0,3,41,67,93
216,0,33,0,0,0,685,717,743,759,401,230,141,111,130,151,218,244,255,247,244,252,219,221,198,320,160,80,86,77,109,134,156,167,169,150,159,145,137,818,49,51,45,41,33,26,18,9,3,0,0,0,9,22,28,46,19,16,27,38,53,72,3742,342,353,364,350,342,338,306,241,196,176,120,0,175,146,121,104,83,51,0,0,0,0,22,29,49,192,0,580,444,456,376,278,122,97,66,63,57,67,52,41,35,28,26,39,25,11,7,4,11,3,0,0,0,33,73,3,27,3,3,0,2,11,61,19,11,9,0,0,0,0,0,0,60,92,106
153,0,39,51,72,84,105,53,33,23,23,29,50,81,133,172,251,260,253,236,225,209,179,192,168,216,0,0,60,87,126,147,147,145,128,123,140,132,127,714,43,46,37,29,25,19,12,7,0,0,4,6,11,23,33,47,33,29,39,45,47,69,3967,354,366,349,314,315,308,259,181,156,115,53,0,241,128,103,85,53,23,0,0,0,0,42,27,26,401,392,783,397,364,304,199,99,71,59,70,73,76,55,48,43,42,32,25,0,0,17,16,17,10,0,0,45,72,51,5,41,12,11,1,0,4,34,17,7,0,0,5,6,6,0,0,100,119,118
73,0,0,5,12,3,9,0,0,0,2,21,61,105,174,225,282,266,244,215,208,195,173,169,142,120,0,0,112,135,141,143,135,139,131,131,132,125,114,608,36,35,29,19,14,13,4,0,0,7,12,18,19,31,50,56,46,40,44,58,58,73,4204,364,360,326,304,296,264,226,163,152,122,101,142,308,112,89,76,56,54,68,133,121,115,109,46,18,664,483,582,358,305,236,144,105,89,82,86,71,63,54,48,41,40,31,17,0,0,44,38,37,47,70,138,132,75,36,6,59,21,16,10,4,0,11,9,4,4,16,33,59,111,142,177,202,130,83
23,0,0,0,1,0,0,0,0,0,0,36,92,148,242,263,266,237,224,203,196,169,139,128,104,95,108,163,215,155,125,132,131,124,116,115,115,107,109,516,30,29,24,16,7,10,0,0,4,11,16,26,26,33,52,64,96,126,150,189,130,100,4446,352,349,300,285,287,245,198,157,140,142,139,201,238,118,107,86,72,66,70,71,0,0,3,0,0,891,450,432,291,257,198,131,99,93,94,92,74,78,69,60,52,45,31,23,28,52,91,64,69,86,90,77,0,0,0,0,84,29,22,15,9,3,3,2,0,0,4,10,22,58,45,45,37,33,24
4,0,0,0,0,0,0,0,0,0,0,65,142,218,275,264,250,232,198,165,146,118,102,102,97,106,102,91,90,90,93,109,107,117,101,98,85,87,96,431,27,20,11,7,0,0,0,6,16,18,19,29,26,33,46,0,0,0,0,97,170,137,4718,340,327,264,270,271,219,189,175,166,178,182,203,181,109,95,84,80,76,69,43,0,0,0,0,7,1141,407,350,268,228,164,118,97,106,95,86,84,83,64,62,58,47,43,45,67,80,80,72,82,105,57,34,0,0,0,60,113,33,31,24,15,9,10,8,4,0,0,8,13,77,39,30,17,8,5
0,0,0,0,0,0,0,0,0,0,0,105,224,296,304,271,220,189,152,133,111,93,83,82,81,79,73,77,73,82,93,95,103,100,69,71,76,83,89,354,23,20,8,3,0,0,5,0,10,20,26,39,40,48,87,0,0,0,0,0,94,110,4942,314,293,274,282,276,218,189,187,175,178,208,186,155,103,90,85,75,63,49,29,5,0,0,3,14,1498,625,442,250,208,140,113,111,125,108,96,92,78,74,76,64,61,69,81,94,73,75,83,81,63,0,33,9,12,6,205,133,68,46,20,19,19,23,15,9,5,0,0,5,64,0,0,0,0,0
0,0,0,0,0,0,0,0,0,0,0,229,343,340,273,216,169,130,110,86,76,60,58,63,67,58,64,60,60,71,84,78,80,61,52,63,72,74,79,289,15,15,5,0,0,7,19,0,10,29,30,44,40,47,114,0,0,0,0,0,52,95,5145,296,291,309,272,236,199,206,207,203,200,212,157,140,112,106,89,67,67,50,23,4,0,0,0,0,1810,300,0,0,177,137,151,132,125,105,97,91,94,89,79,71,80,77,91,88,75,83,79,61,33,0,48,11,9,0,211,0,0,0,0,39,37,32,24,19,13,6,0,0,51,0,0,0,0,0
0,0,0,0,0,0,0,0,0,0,0,418,399,292,198,142,112,83,71,54,55,50,51,57,49,43,53,50,64,80,84,68,54,43,52,57,53,59,52,234,10,7,0,0,7,15,37,0,0,18,26,41,44,54,149,78,0,0,0,0,22,88,5358,301,297,281,222,215,213,223,196,194,184,192,140,129,111,89,79,83,72,41,21,12,4,0,0,0,1816,0,0,0,266,165,166,129,126,104,106,111,104,93,81,85,100,94,109,98,95,99,84,66,44,34,64,15,9,0,223,8,13,31,43,74,42,36,30,19,20,9,5,0,42,36,30,18,12,6
0,0,0,0,0,0,0,0,0,0,0,824,412,214,124,76,60,34,39,48,47,47,44,37,31,34,43,39,51,64,55,38,24,34,45,42,43,50,48,196,7,0,0,3,8,16,55,0,0,10,26,45,44,55,109,145,0,0,0,0,0,45,5541,300,270,275,237,247,243,235,204,218,197,173,130,121,99,73,82,76,50,40,23,16,5,0,480,944,1851,50,87,187,361,165,136,116,119,105,114,119,98,104,108,112,119,105,109,99,91,78,69,55,44,51,45,18,8,133,248,29,45,51,53,61,45,40,33,29,25,17,17,9,4,4,4,5,3,0
0,0,0,0,0,0,0,0,0,0,196,818,0,0,0,11,19,17,38,38,29,33,22,23,30,29,34,32,55,80,43,23,21,28,30,30,35,39,45,153,4,8,28,45,70,96,175,190,202,229,259,309,350,398,468,642,648,654,0,0,0,28,5704,279,279,284,249,267,263,232,215,207,161,143,112,114,97,79,93,78,54,45,25,15,4,492,991,999,978,117,169,248,260,151,138,142,124,120,135,138,112,119,124,109,121,112,120,115,100,92,85,67,55,52,33,20,7,209,146,49,66,60,66,67,50,45,41,32,33,26,18,14,13,21,16,17,11,6
7,0,12,18,13,0,0,0,0,0,383,610,58,52,0,6,10,14,38,21,10,9,1,6,12,16,26,31,68,41,0,0,4,11,18,24,35,34,32,114,8,6,11,13,19,16,15,13,12,14,13,12,12,15,11,11,0,2178,2184,2190,2684,3214,0,2516,2308,2087,1888,1703,1502,1315,1171,1019,875,757,640,539,426,348,276,199,127,84,49,24,7,968,914,774,542,161,209,244,208,158,160,136,125,144,144,160,162,227,305,464,735,663,598,526,442,373,307,243,163,118,68,32,8,283,119,70,75,79,88,88,91,137,196,334,310,281,237,211,181,146,97,65,37,22
0,0,0,11,25,0,0,0,0,7,724,347,0,46,0,2,8,23,20,0,0,0,0,0,7,11,14,15,42,0,0,0,3,15,27,27,31,22,26,81,7,10,10,9,6,4,3,2,1,2,4,3,5,4,2,2,0,1512,0,0,979,1031,3409,105,103,97,91,99,88,81,80,67,59,55,54,60,37,40,30,25,15,9,8,0,0,1320,713,557,372,213,231,220,187,166,150,136,162,169,198,218,252,299,328,392,329,0,0,14,21,29,40,75,27,11,5,0,0,349,114,100,108,115,108,115,142,201,265,166,0,20,15,21,34,52,37,17,6,2
0,0,0,11,36,0,0,0,4,15,705,0,0,40,0,0,4,10,0,0,0,0,0,0,0,5,10,15,26,0,0,0,0,15,11,7,13,8,11,50,2,4,0,4,149,350,568,847,1107,1370,1622,1859,2090,2300,2493,2675,2854,2998,1635,1787,1911,1064,2819,108,109,113,89,87,77,66,72,73,60,53,38,50,38,35,28,21,12,4,0,0,4,1637,591,465,316,231,214,185,174,160,167,178,198,198,245,260,302,311,331,309,183,0,0,0,0,0,0,53,34,15,2,0,9,416,114,107,117,138,162,231,342,262,143,0,0,0,0,0,0,22,39,7,0,6
0,0,0,18,66,36,20,0,0,2,685,329,4,34,4,0,0,0,0,0,0,0,0,0,0,0,4,4,6,0,0,0,0,6,0,0,0,0,5,36,0,0,0,0,269,377,449,513,496,496,487,462,440,398,366,332,315,282,276,262,236,240,2216,88,78,97,96,79,64,60,62,64,52,50,41,40,36,32,19,13,5,0,0,6,13,1906,487,406,284,215,208,174,200,199,215,215,231,251,306,301,304,288,261,196,98,7,0,0,0,0,0,27,42,14,2,0,9,500,143,150,153,179,191,209,175,0,0,0,0,0,0,0,0,0,27,0,0,14
19,0,0,0,36,45,59,26,0,0,341,659,3,13,0,0,0,0,0,0,0,0,0,0,0,0,0,0,0,0,0,0,0,0,0,0,0,0,0,19,2,15,116,314,546,514,524,521,500,469,462,412,390,356,327,282,288,259,244,242,237,245,2046,91,77,81,100,93,63,47,49,57,48,39,25,19,20,22,13,5,0,0,8,11,19,2140,408,334,244,202,221,202,249,232,234,230,273,294,295,278,274,244,213,140,60,7,0,0,0,0,0,0,26,11,2,0,9,602,187,216,290,416,313,209,95,0,0,0,0,0,0,0,0,3,18,0,10,25
39,28,0,0,21,33,64,57,0,0,0,650,5,3,0,0,0,0,0,0,0,0,0,0,0,0,0,0,0,0,0,0,0,0,0,0,0,0,0,12,0,4,182,368,438,501,507,486,470,432,423,379,346,306,268,232,249,223,218,223,214,241,1851,72,65,58,78,103,72,48,46,52,44,49,38,22,17,15,9,0,0,5,16,17,29,2349,356,303,250,226,237,225,242,218,250,278,302,283,272,269,249,203,162,79,37,9,0,0,0,0,0,0,11,4,0,0,8,735,226,242,258,203,0,0,0,0,0,0,0,0,0,0,0,0,3,0,11,23
